ISO-10303-21;
HEADER;
/* Generated by software containing ST-Developer
 * from STEP Tools, Inc. (www.steptools.com) 
 */

FILE_DESCRIPTION(
/* description */ (''),
/* implementation_level */ '2;1');

FILE_NAME(
/* name */ 'Tobillo_CL_Ensamble.step',
/* time_stamp */ '2026-09-17T13:44:28-06:00',
/* author */ (''),
/* organization */ (''),
/* preprocessor_version */ 'ST-DEVELOPER v20.1',
/* originating_system */ 'Autodesk Translation Framework v15.8.0.0',
/* authorisation */ '');

FILE_SCHEMA (('AUTOMOTIVE_DESIGN { 1 0 10303 214 3 1 1 }'));
ENDSEC;

DATA;
#10=MECHANICAL_DESIGN_GEOMETRIC_PRESENTATION_REPRESENTATION('',(#72,#73,
#74,#75,#76,#77,#78),#5980);
#11=ITEM_DEFINED_TRANSFORMATION($,$,#3579,#3863);
#12=ITEM_DEFINED_TRANSFORMATION($,$,#3616,#3864);
#13=ITEM_DEFINED_TRANSFORMATION($,$,#3632,#3865);
#14=ITEM_DEFINED_TRANSFORMATION($,$,#3658,#3866);
#15=ITEM_DEFINED_TRANSFORMATION($,$,#3730,#3867);
#16=ITEM_DEFINED_TRANSFORMATION($,$,#3764,#3868);
#17=ITEM_DEFINED_TRANSFORMATION($,$,#3810,#3869);
#18=(
REPRESENTATION_RELATIONSHIP($,$,#6009,#6008)
REPRESENTATION_RELATIONSHIP_WITH_TRANSFORMATION(#11)
SHAPE_REPRESENTATION_RELATIONSHIP()
);
#19=(
REPRESENTATION_RELATIONSHIP($,$,#6010,#6008)
REPRESENTATION_RELATIONSHIP_WITH_TRANSFORMATION(#12)
SHAPE_REPRESENTATION_RELATIONSHIP()
);
#20=(
REPRESENTATION_RELATIONSHIP($,$,#6011,#6008)
REPRESENTATION_RELATIONSHIP_WITH_TRANSFORMATION(#13)
SHAPE_REPRESENTATION_RELATIONSHIP()
);
#21=(
REPRESENTATION_RELATIONSHIP($,$,#6012,#6008)
REPRESENTATION_RELATIONSHIP_WITH_TRANSFORMATION(#14)
SHAPE_REPRESENTATION_RELATIONSHIP()
);
#22=(
REPRESENTATION_RELATIONSHIP($,$,#6013,#6008)
REPRESENTATION_RELATIONSHIP_WITH_TRANSFORMATION(#15)
SHAPE_REPRESENTATION_RELATIONSHIP()
);
#23=(
REPRESENTATION_RELATIONSHIP($,$,#6014,#6008)
REPRESENTATION_RELATIONSHIP_WITH_TRANSFORMATION(#16)
SHAPE_REPRESENTATION_RELATIONSHIP()
);
#24=(
REPRESENTATION_RELATIONSHIP($,$,#6015,#6008)
REPRESENTATION_RELATIONSHIP_WITH_TRANSFORMATION(#17)
SHAPE_REPRESENTATION_RELATIONSHIP()
);
#25=CONTEXT_DEPENDENT_SHAPE_REPRESENTATION(#18,#6001);
#26=CONTEXT_DEPENDENT_SHAPE_REPRESENTATION(#19,#6002);
#27=CONTEXT_DEPENDENT_SHAPE_REPRESENTATION(#20,#6003);
#28=CONTEXT_DEPENDENT_SHAPE_REPRESENTATION(#21,#6004);
#29=CONTEXT_DEPENDENT_SHAPE_REPRESENTATION(#22,#6005);
#30=CONTEXT_DEPENDENT_SHAPE_REPRESENTATION(#23,#6006);
#31=CONTEXT_DEPENDENT_SHAPE_REPRESENTATION(#24,#6007);
#32=NEXT_ASSEMBLY_USAGE_OCCURRENCE('B3_horquilla_ranurada:1',
'B3_horquilla_ranurada:1','B3_horquilla_ranurada:1',#6017,#6018,
'B3_horquilla_ranurada:1');
#33=NEXT_ASSEMBLY_USAGE_OCCURRENCE('B7_acople:1','B7_acople:1',
'B7_acople:1',#6017,#6019,'B7_acople:1');
#34=NEXT_ASSEMBLY_USAGE_OCCURRENCE('A2_columna_tibial:1',
'A2_columna_tibial:1','A2_columna_tibial:1',#6017,#6020,
'A2_columna_tibial:1');
#35=NEXT_ASSEMBLY_USAGE_OCCURRENCE('A3_soporte_tobillo:1',
'A3_soporte_tobillo:1','A3_soporte_tobillo:1',#6017,#6021,
'A3_soporte_tobillo:1');
#36=NEXT_ASSEMBLY_USAGE_OCCURRENCE('A3_placa_sensor_as5600:1',
'A3_placa_sensor_as5600:1','A3_placa_sensor_as5600:1',#6017,#6022,
'A3_placa_sensor_as5600:1');
#37=NEXT_ASSEMBLY_USAGE_OCCURRENCE('A5_cubierta_estetica:1',
'A5_cubierta_estetica:1','A5_cubierta_estetica:1',#6017,#6023,
'A5_cubierta_estetica:1');
#38=NEXT_ASSEMBLY_USAGE_OCCURRENCE('A5_placa_L:1','A5_placa_L:1',
'A5_placa_L:1',#6017,#6024,'A5_placa_L:1');
#39=ELLIPSE('',#3666,4.24264068711929,3.);
#40=ELLIPSE('',#3667,4.24264068711929,3.);
#41=ELLIPSE('',#3668,4.24264068711929,3.);
#42=ELLIPSE('',#3670,4.24264068711929,3.);
#43=ELLIPSE('',#3671,4.24264068711928,3.);
#44=ELLIPSE('',#3672,4.24264068711929,3.);
#45=ELLIPSE('',#3675,4.24264068711929,3.);
#46=ELLIPSE('',#3676,4.24264068711929,3.);
#47=ELLIPSE('',#3678,4.24264068711928,3.);
#48=ELLIPSE('',#3681,4.24264068711929,3.);
#49=B_SPLINE_CURVE_WITH_KNOTS('',3,(#5040,#5041,#5042,#5043,#5044,#5045,
#5046,#5047,#5048,#5049,#5050,#5051,#5052,#5053,#5054,#5055,#5056,#5057),
 .UNSPECIFIED.,.F.,.F.,(4,2,2,2,2,2,2,2,4),(0.,0.0629912085681101,0.12598241713622,
0.188904613660481,0.251826810184741,0.314749006709002,0.377671203233263,
0.440662411801373,0.503653620369483),.UNSPECIFIED.);
#50=B_SPLINE_CURVE_WITH_KNOTS('',3,(#5058,#5059,#5060,#5061,#5062,#5063,
#5064,#5065,#5066,#5067,#5068,#5069,#5070,#5071,#5072,#5073,#5074,#5075),
 .UNSPECIFIED.,.F.,.F.,(4,2,2,2,2,2,2,2,4),(0.503653620369483,0.566644828937593,
0.629636037505703,0.692558234029964,0.755480430554224,0.818402627078485,
0.881324823602746,0.944316032170856,1.00730724073897),.UNSPECIFIED.);
#51=B_SPLINE_CURVE_WITH_KNOTS('',3,(#5079,#5080,#5081,#5082,#5083,#5084,
#5085,#5086,#5087,#5088),.UNSPECIFIED.,.F.,.F.,(4,2,2,2,4),(0.748154569363,
0.810498803013956,0.872843036664913,0.935191231241123,0.997539425817333),
 .UNSPECIFIED.);
#52=B_SPLINE_CURVE_WITH_KNOTS('',3,(#5090,#5091,#5092,#5093,#5094,#5095,
#5096,#5097,#5098,#5099,#5100,#5101,#5102,#5103,#5104,#5105,#5106,#5107),
 .UNSPECIFIED.,.F.,.F.,(4,2,2,2,2,2,2,2,4),(0.249384856454333,0.31172909010529,
0.374073323756247,0.436421518332457,0.498769712908666,0.561117907484876,
0.623466102061086,0.685810335712043,0.748154569363),.UNSPECIFIED.);
#53=B_SPLINE_CURVE_WITH_KNOTS('',3,(#5108,#5109,#5110,#5111,#5112,#5113,
#5114,#5115,#5116,#5117),.UNSPECIFIED.,.F.,.F.,(4,2,2,2,4),(0.997539425817333,
1.05988762039354,1.12223581496975,1.18458004862071,1.24692428227167),
 .UNSPECIFIED.);
#54=B_SPLINE_CURVE_WITH_KNOTS('',3,(#5120,#5121,#5122,#5123,#5124,#5125,
#5126,#5127,#5128,#5129,#5130,#5131,#5132,#5133,#5134,#5135,#5136,#5137,
#5138,#5139,#5140,#5141,#5142,#5143,#5144,#5145,#5146,#5147,#5148,#5149,
#5150,#5151,#5152,#5153,#5154,#5155,#5156,#5157,#5158,#5159,#5160,#5161),
 .UNSPECIFIED.,.T.,.F.,(4,2,2,2,2,2,2,2,2,2,2,2,2,2,2,2,2,2,2,2,4),(0.,
0.0339063897349207,0.0678127794698414,0.135625558939683,0.201246050322782,
0.266866541705882,0.332487033088981,0.398107524472081,0.465920303941922,
0.499826693676843,0.533733083411764,0.567639473146685,0.601545862881605,
0.669358642351447,0.734979133734546,0.800599625117646,0.866220116500745,
0.931840607883845,0.999653387353686,1.03355977708861,1.06746616682353),
 .UNSPECIFIED.);
#55=B_SPLINE_CURVE_WITH_KNOTS('',3,(#5165,#5166,#5167,#5168,#5169,#5170,
#5171,#5172,#5173,#5174),.UNSPECIFIED.,.F.,.F.,(4,2,2,2,4),(0.748154569363,
0.810498803013956,0.872843036664913,0.935191231241123,0.997539425817333),
 .UNSPECIFIED.);
#56=B_SPLINE_CURVE_WITH_KNOTS('',3,(#5176,#5177,#5178,#5179,#5180,#5181,
#5182,#5183,#5184,#5185,#5186,#5187,#5188,#5189,#5190,#5191,#5192,#5193),
 .UNSPECIFIED.,.F.,.F.,(4,2,2,2,2,2,2,2,4),(0.249384856454333,0.31172909010529,
0.374073323756247,0.436421518332457,0.498769712908666,0.561117907484876,
0.623466102061086,0.685810335712043,0.748154569363),.UNSPECIFIED.);
#57=B_SPLINE_CURVE_WITH_KNOTS('',3,(#5194,#5195,#5196,#5197,#5198,#5199,
#5200,#5201,#5202,#5203),.UNSPECIFIED.,.F.,.F.,(4,2,2,2,4),(0.997539425817333,
1.05988762039354,1.12223581496975,1.18458004862071,1.24692428227167),
 .UNSPECIFIED.);
#58=SHAPE_REPRESENTATION_RELATIONSHIP('SRR','None',#6009,#65);
#59=SHAPE_REPRESENTATION_RELATIONSHIP('SRR','None',#6010,#66);
#60=SHAPE_REPRESENTATION_RELATIONSHIP('SRR','None',#6011,#67);
#61=SHAPE_REPRESENTATION_RELATIONSHIP('SRR','None',#6012,#68);
#62=SHAPE_REPRESENTATION_RELATIONSHIP('SRR','None',#6013,#69);
#63=SHAPE_REPRESENTATION_RELATIONSHIP('SRR','None',#6014,#70);
#64=SHAPE_REPRESENTATION_RELATIONSHIP('SRR','None',#6015,#71);
#65=ADVANCED_BREP_SHAPE_REPRESENTATION('',(#79),#5973);
#66=ADVANCED_BREP_SHAPE_REPRESENTATION('',(#80),#5974);
#67=ADVANCED_BREP_SHAPE_REPRESENTATION('',(#81),#5975);
#68=ADVANCED_BREP_SHAPE_REPRESENTATION('',(#82),#5976);
#69=ADVANCED_BREP_SHAPE_REPRESENTATION('',(#83),#5977);
#70=ADVANCED_BREP_SHAPE_REPRESENTATION('',(#84),#5978);
#71=ADVANCED_BREP_SHAPE_REPRESENTATION('',(#85),#5979);
#72=STYLED_ITEM('',(#6053),#79);
#73=STYLED_ITEM('',(#6053),#80);
#74=STYLED_ITEM('',(#6053),#81);
#75=STYLED_ITEM('',(#6053),#82);
#76=STYLED_ITEM('',(#6053),#83);
#77=STYLED_ITEM('',(#6053),#84);
#78=STYLED_ITEM('',(#6053),#85);
#79=MANIFOLD_SOLID_BREP('B3_horquilla',#3493);
#80=MANIFOLD_SOLID_BREP('B7_acople_cuerpo',#3494);
#81=MANIFOLD_SOLID_BREP('A2_columna_tibial_solido',#3495);
#82=MANIFOLD_SOLID_BREP('A3_soporte_tobillo_solido',#3496);
#83=MANIFOLD_SOLID_BREP('A3_placa_sensor_solido',#3497);
#84=MANIFOLD_SOLID_BREP('A5_cubierta_pie_envolvente',#3498);
#85=MANIFOLD_SOLID_BREP('A5_pie_organico_con_puente',#3499);
#86=CIRCLE('',#3595,4.3);
#87=CIRCLE('',#3596,4.3);
#88=CIRCLE('',#3620,4.05);
#89=CIRCLE('',#3621,4.05);
#90=CIRCLE('',#3624,2.05);
#91=CIRCLE('',#3625,2.05);
#92=CIRCLE('',#3628,8.);
#93=CIRCLE('',#3629,8.);
#94=CIRCLE('',#3634,1.7);
#95=CIRCLE('',#3635,1.7);
#96=CIRCLE('',#3637,1.7);
#97=CIRCLE('',#3638,1.7);
#98=CIRCLE('',#3640,1.7);
#99=CIRCLE('',#3641,1.7);
#100=CIRCLE('',#3643,1.7);
#101=CIRCLE('',#3644,1.7);
#102=CIRCLE('',#3646,2.3);
#103=CIRCLE('',#3647,2.3);
#104=CIRCLE('',#3660,1.7);
#105=CIRCLE('',#3661,1.7);
#106=CIRCLE('',#3663,1.7);
#107=CIRCLE('',#3664,1.7);
#108=CIRCLE('',#3686,8.625);
#109=CIRCLE('',#3687,2.1);
#110=CIRCLE('',#3688,2.1);
#111=CIRCLE('',#3697,3.3);
#112=CIRCLE('',#3700,2.1);
#113=CIRCLE('',#3701,2.1);
#114=CIRCLE('',#3704,2.1);
#115=CIRCLE('',#3705,2.1);
#116=CIRCLE('',#3708,3.3);
#117=CIRCLE('',#3710,8.625);
#118=CIRCLE('',#3712,8.625);
#119=CIRCLE('',#3716,2.1);
#120=CIRCLE('',#3719,2.1);
#121=CIRCLE('',#3722,3.3);
#122=CIRCLE('',#3723,3.3);
#123=CIRCLE('',#3727,8.625);
#124=CIRCLE('',#3732,2.);
#125=CIRCLE('',#3733,2.);
#126=CIRCLE('',#3736,2.);
#127=CIRCLE('',#3737,2.);
#128=CIRCLE('',#3738,2.);
#129=CIRCLE('',#3739,3.3);
#130=CIRCLE('',#3740,1.7);
#131=CIRCLE('',#3741,1.7);
#132=CIRCLE('',#3742,1.7);
#133=CIRCLE('',#3743,1.7);
#134=CIRCLE('',#3745,2.);
#135=CIRCLE('',#3748,2.);
#136=CIRCLE('',#3750,2.);
#137=CIRCLE('',#3752,3.3);
#138=CIRCLE('',#3754,1.7);
#139=CIRCLE('',#3756,1.7);
#140=CIRCLE('',#3758,1.7);
#141=CIRCLE('',#3760,1.7);
#142=CIRCLE('',#3791,30.940876236337);
#143=CIRCLE('',#3792,30.940876236337);
#144=CIRCLE('',#3797,18.5302747471816);
#145=CIRCLE('',#3798,18.5302747471816);
#146=CIRCLE('',#3800,30.940876236337);
#147=CIRCLE('',#3801,30.940876236337);
#148=CIRCLE('',#3806,18.5302747471816);
#149=CIRCLE('',#3807,18.5302747471816);
#150=CIRCLE('',#3814,7.);
#151=CIRCLE('',#3815,6.);
#152=CIRCLE('',#3816,1.95);
#153=CIRCLE('',#3817,2.96);
#154=CIRCLE('',#3821,6.);
#155=CIRCLE('',#3822,7.);
#156=CIRCLE('',#3823,2.96);
#157=CIRCLE('',#3824,1.95);
#158=CIRCLE('',#3826,1.95);
#159=CIRCLE('',#3828,2.96);
#160=CIRCLE('',#3830,7.);
#161=CIRCLE('',#3832,6.);
#162=CIRCLE('',#3837,3.5);
#163=CIRCLE('',#3838,3.5);
#164=CIRCLE('',#3841,3.54166666666666);
#165=CIRCLE('',#3842,3.54166666666666);
#166=CIRCLE('',#3844,3.54166666666666);
#167=CIRCLE('',#3845,3.5);
#168=CIRCLE('',#3847,3.5);
#169=CIRCLE('',#3848,3.54166666666666);
#170=CIRCLE('',#3850,1.95);
#171=CIRCLE('',#3852,2.96);
#172=CIRCLE('',#3854,7.);
#173=CIRCLE('',#3856,6.);
#174=CYLINDRICAL_SURFACE('',#3594,4.3);
#175=CYLINDRICAL_SURFACE('',#3617,1.65);
#176=CYLINDRICAL_SURFACE('',#3618,1.65);
#177=CYLINDRICAL_SURFACE('',#3619,4.05);
#178=CYLINDRICAL_SURFACE('',#3623,2.05);
#179=CYLINDRICAL_SURFACE('',#3627,8.);
#180=CYLINDRICAL_SURFACE('',#3633,1.7);
#181=CYLINDRICAL_SURFACE('',#3636,1.7);
#182=CYLINDRICAL_SURFACE('',#3639,1.7);
#183=CYLINDRICAL_SURFACE('',#3642,1.7);
#184=CYLINDRICAL_SURFACE('',#3645,2.3);
#185=CYLINDRICAL_SURFACE('',#3659,1.7);
#186=CYLINDRICAL_SURFACE('',#3662,1.7);
#187=CYLINDRICAL_SURFACE('',#3665,3.);
#188=CYLINDRICAL_SURFACE('',#3669,3.);
#189=CYLINDRICAL_SURFACE('',#3673,3.);
#190=CYLINDRICAL_SURFACE('',#3674,3.);
#191=CYLINDRICAL_SURFACE('',#3677,3.);
#192=CYLINDRICAL_SURFACE('',#3679,3.);
#193=CYLINDRICAL_SURFACE('',#3680,3.);
#194=CYLINDRICAL_SURFACE('',#3682,3.);
#195=CYLINDRICAL_SURFACE('',#3699,2.1);
#196=CYLINDRICAL_SURFACE('',#3703,2.1);
#197=CYLINDRICAL_SURFACE('',#3707,3.3);
#198=CYLINDRICAL_SURFACE('',#3711,8.625);
#199=CYLINDRICAL_SURFACE('',#3715,2.1);
#200=CYLINDRICAL_SURFACE('',#3718,2.1);
#201=CYLINDRICAL_SURFACE('',#3721,3.3);
#202=CYLINDRICAL_SURFACE('',#3728,8.625);
#203=CYLINDRICAL_SURFACE('',#3731,2.);
#204=CYLINDRICAL_SURFACE('',#3744,2.);
#205=CYLINDRICAL_SURFACE('',#3747,2.);
#206=CYLINDRICAL_SURFACE('',#3749,2.);
#207=CYLINDRICAL_SURFACE('',#3751,3.3);
#208=CYLINDRICAL_SURFACE('',#3753,1.7);
#209=CYLINDRICAL_SURFACE('',#3755,1.7);
#210=CYLINDRICAL_SURFACE('',#3757,1.7);
#211=CYLINDRICAL_SURFACE('',#3759,1.7);
#212=CYLINDRICAL_SURFACE('',#3790,30.940876236337);
#213=CYLINDRICAL_SURFACE('',#3796,18.5302747471816);
#214=CYLINDRICAL_SURFACE('',#3799,30.940876236337);
#215=CYLINDRICAL_SURFACE('',#3805,18.5302747471816);
#216=CYLINDRICAL_SURFACE('',#3825,1.95);
#217=CYLINDRICAL_SURFACE('',#3827,2.96);
#218=CYLINDRICAL_SURFACE('',#3829,7.);
#219=CYLINDRICAL_SURFACE('',#3831,6.);
#220=CYLINDRICAL_SURFACE('',#3836,3.5);
#221=CYLINDRICAL_SURFACE('',#3840,3.54166666666666);
#222=CYLINDRICAL_SURFACE('',#3849,1.95);
#223=CYLINDRICAL_SURFACE('',#3851,2.96);
#224=CYLINDRICAL_SURFACE('',#3853,7.);
#225=CYLINDRICAL_SURFACE('',#3855,6.);
#226=CYLINDRICAL_SURFACE('',#3860,3.5);
#227=CYLINDRICAL_SURFACE('',#3862,3.54166666666666);
#228=FACE_BOUND('',#470,.T.);
#229=FACE_BOUND('',#479,.T.);
#230=FACE_BOUND('',#485,.T.);
#231=FACE_BOUND('',#489,.T.);
#232=FACE_BOUND('',#495,.T.);
#233=FACE_BOUND('',#499,.T.);
#234=FACE_BOUND('',#502,.T.);
#235=FACE_BOUND('',#505,.T.);
#236=FACE_BOUND('',#506,.T.);
#237=FACE_BOUND('',#508,.T.);
#238=FACE_BOUND('',#510,.T.);
#239=FACE_BOUND('',#517,.T.);
#240=FACE_BOUND('',#518,.T.);
#241=FACE_BOUND('',#519,.T.);
#242=FACE_BOUND('',#521,.T.);
#243=FACE_BOUND('',#522,.T.);
#244=FACE_BOUND('',#523,.T.);
#245=FACE_BOUND('',#526,.T.);
#246=FACE_BOUND('',#529,.T.);
#247=FACE_BOUND('',#532,.T.);
#248=FACE_BOUND('',#534,.T.);
#249=FACE_BOUND('',#547,.T.);
#250=FACE_BOUND('',#550,.T.);
#251=FACE_BOUND('',#551,.T.);
#252=FACE_BOUND('',#552,.T.);
#253=FACE_BOUND('',#558,.T.);
#254=FACE_BOUND('',#572,.T.);
#255=FACE_BOUND('',#573,.T.);
#256=FACE_BOUND('',#574,.T.);
#257=FACE_BOUND('',#588,.T.);
#258=FACE_BOUND('',#589,.T.);
#259=FACE_BOUND('',#590,.T.);
#260=FACE_BOUND('',#591,.T.);
#261=FACE_BOUND('',#592,.T.);
#262=FACE_BOUND('',#605,.T.);
#263=FACE_BOUND('',#606,.T.);
#264=FACE_BOUND('',#607,.T.);
#265=FACE_BOUND('',#608,.T.);
#266=FACE_BOUND('',#609,.T.);
#267=FACE_BOUND('',#635,.T.);
#268=FACE_BOUND('',#647,.T.);
#269=FACE_BOUND('',#649,.T.);
#270=FACE_BOUND('',#653,.T.);
#271=FACE_BOUND('',#654,.T.);
#272=FACE_BOUND('',#658,.T.);
#273=FACE_BOUND('',#659,.T.);
#274=FACE_BOUND('',#665,.T.);
#275=FACE_BOUND('',#666,.T.);
#276=FACE_BOUND('',#679,.T.);
#277=FACE_BOUND('',#680,.T.);
#278=FACE_OUTER_BOUND('',#457,.T.);
#279=FACE_OUTER_BOUND('',#458,.T.);
#280=FACE_OUTER_BOUND('',#459,.T.);
#281=FACE_OUTER_BOUND('',#460,.T.);
#282=FACE_OUTER_BOUND('',#461,.T.);
#283=FACE_OUTER_BOUND('',#462,.T.);
#284=FACE_OUTER_BOUND('',#463,.T.);
#285=FACE_OUTER_BOUND('',#464,.T.);
#286=FACE_OUTER_BOUND('',#465,.T.);
#287=FACE_OUTER_BOUND('',#466,.T.);
#288=FACE_OUTER_BOUND('',#467,.T.);
#289=FACE_OUTER_BOUND('',#468,.T.);
#290=FACE_OUTER_BOUND('',#469,.T.);
#291=FACE_OUTER_BOUND('',#471,.T.);
#292=FACE_OUTER_BOUND('',#472,.T.);
#293=FACE_OUTER_BOUND('',#473,.T.);
#294=FACE_OUTER_BOUND('',#474,.T.);
#295=FACE_OUTER_BOUND('',#475,.T.);
#296=FACE_OUTER_BOUND('',#476,.T.);
#297=FACE_OUTER_BOUND('',#477,.T.);
#298=FACE_OUTER_BOUND('',#478,.T.);
#299=FACE_OUTER_BOUND('',#480,.T.);
#300=FACE_OUTER_BOUND('',#481,.T.);
#301=FACE_OUTER_BOUND('',#482,.T.);
#302=FACE_OUTER_BOUND('',#483,.T.);
#303=FACE_OUTER_BOUND('',#484,.T.);
#304=FACE_OUTER_BOUND('',#486,.T.);
#305=FACE_OUTER_BOUND('',#487,.T.);
#306=FACE_OUTER_BOUND('',#488,.T.);
#307=FACE_OUTER_BOUND('',#490,.T.);
#308=FACE_OUTER_BOUND('',#491,.T.);
#309=FACE_OUTER_BOUND('',#492,.T.);
#310=FACE_OUTER_BOUND('',#493,.T.);
#311=FACE_OUTER_BOUND('',#494,.T.);
#312=FACE_OUTER_BOUND('',#496,.T.);
#313=FACE_OUTER_BOUND('',#497,.T.);
#314=FACE_OUTER_BOUND('',#498,.T.);
#315=FACE_OUTER_BOUND('',#500,.T.);
#316=FACE_OUTER_BOUND('',#501,.T.);
#317=FACE_OUTER_BOUND('',#503,.T.);
#318=FACE_OUTER_BOUND('',#504,.T.);
#319=FACE_OUTER_BOUND('',#507,.T.);
#320=FACE_OUTER_BOUND('',#509,.T.);
#321=FACE_OUTER_BOUND('',#511,.T.);
#322=FACE_OUTER_BOUND('',#512,.T.);
#323=FACE_OUTER_BOUND('',#513,.T.);
#324=FACE_OUTER_BOUND('',#514,.T.);
#325=FACE_OUTER_BOUND('',#515,.T.);
#326=FACE_OUTER_BOUND('',#516,.T.);
#327=FACE_OUTER_BOUND('',#520,.T.);
#328=FACE_OUTER_BOUND('',#524,.T.);
#329=FACE_OUTER_BOUND('',#525,.T.);
#330=FACE_OUTER_BOUND('',#527,.T.);
#331=FACE_OUTER_BOUND('',#528,.T.);
#332=FACE_OUTER_BOUND('',#530,.T.);
#333=FACE_OUTER_BOUND('',#531,.T.);
#334=FACE_OUTER_BOUND('',#533,.T.);
#335=FACE_OUTER_BOUND('',#535,.T.);
#336=FACE_OUTER_BOUND('',#536,.T.);
#337=FACE_OUTER_BOUND('',#537,.T.);
#338=FACE_OUTER_BOUND('',#538,.T.);
#339=FACE_OUTER_BOUND('',#539,.T.);
#340=FACE_OUTER_BOUND('',#540,.T.);
#341=FACE_OUTER_BOUND('',#541,.T.);
#342=FACE_OUTER_BOUND('',#542,.T.);
#343=FACE_OUTER_BOUND('',#543,.T.);
#344=FACE_OUTER_BOUND('',#544,.T.);
#345=FACE_OUTER_BOUND('',#545,.T.);
#346=FACE_OUTER_BOUND('',#546,.T.);
#347=FACE_OUTER_BOUND('',#548,.T.);
#348=FACE_OUTER_BOUND('',#549,.T.);
#349=FACE_OUTER_BOUND('',#553,.T.);
#350=FACE_OUTER_BOUND('',#554,.T.);
#351=FACE_OUTER_BOUND('',#555,.T.);
#352=FACE_OUTER_BOUND('',#556,.T.);
#353=FACE_OUTER_BOUND('',#557,.T.);
#354=FACE_OUTER_BOUND('',#559,.T.);
#355=FACE_OUTER_BOUND('',#560,.T.);
#356=FACE_OUTER_BOUND('',#561,.T.);
#357=FACE_OUTER_BOUND('',#562,.T.);
#358=FACE_OUTER_BOUND('',#563,.T.);
#359=FACE_OUTER_BOUND('',#564,.T.);
#360=FACE_OUTER_BOUND('',#565,.T.);
#361=FACE_OUTER_BOUND('',#566,.T.);
#362=FACE_OUTER_BOUND('',#567,.T.);
#363=FACE_OUTER_BOUND('',#568,.T.);
#364=FACE_OUTER_BOUND('',#569,.T.);
#365=FACE_OUTER_BOUND('',#570,.T.);
#366=FACE_OUTER_BOUND('',#571,.T.);
#367=FACE_OUTER_BOUND('',#575,.T.);
#368=FACE_OUTER_BOUND('',#576,.T.);
#369=FACE_OUTER_BOUND('',#577,.T.);
#370=FACE_OUTER_BOUND('',#578,.T.);
#371=FACE_OUTER_BOUND('',#579,.T.);
#372=FACE_OUTER_BOUND('',#580,.T.);
#373=FACE_OUTER_BOUND('',#581,.T.);
#374=FACE_OUTER_BOUND('',#582,.T.);
#375=FACE_OUTER_BOUND('',#583,.T.);
#376=FACE_OUTER_BOUND('',#584,.T.);
#377=FACE_OUTER_BOUND('',#585,.T.);
#378=FACE_OUTER_BOUND('',#586,.T.);
#379=FACE_OUTER_BOUND('',#587,.T.);
#380=FACE_OUTER_BOUND('',#593,.T.);
#381=FACE_OUTER_BOUND('',#594,.T.);
#382=FACE_OUTER_BOUND('',#595,.T.);
#383=FACE_OUTER_BOUND('',#596,.T.);
#384=FACE_OUTER_BOUND('',#597,.T.);
#385=FACE_OUTER_BOUND('',#598,.T.);
#386=FACE_OUTER_BOUND('',#599,.T.);
#387=FACE_OUTER_BOUND('',#600,.T.);
#388=FACE_OUTER_BOUND('',#601,.T.);
#389=FACE_OUTER_BOUND('',#602,.T.);
#390=FACE_OUTER_BOUND('',#603,.T.);
#391=FACE_OUTER_BOUND('',#604,.T.);
#392=FACE_OUTER_BOUND('',#610,.T.);
#393=FACE_OUTER_BOUND('',#611,.T.);
#394=FACE_OUTER_BOUND('',#612,.T.);
#395=FACE_OUTER_BOUND('',#613,.T.);
#396=FACE_OUTER_BOUND('',#614,.T.);
#397=FACE_OUTER_BOUND('',#615,.T.);
#398=FACE_OUTER_BOUND('',#616,.T.);
#399=FACE_OUTER_BOUND('',#617,.T.);
#400=FACE_OUTER_BOUND('',#618,.T.);
#401=FACE_OUTER_BOUND('',#619,.T.);
#402=FACE_OUTER_BOUND('',#620,.T.);
#403=FACE_OUTER_BOUND('',#621,.T.);
#404=FACE_OUTER_BOUND('',#622,.T.);
#405=FACE_OUTER_BOUND('',#623,.T.);
#406=FACE_OUTER_BOUND('',#624,.T.);
#407=FACE_OUTER_BOUND('',#625,.T.);
#408=FACE_OUTER_BOUND('',#626,.T.);
#409=FACE_OUTER_BOUND('',#627,.T.);
#410=FACE_OUTER_BOUND('',#628,.T.);
#411=FACE_OUTER_BOUND('',#629,.T.);
#412=FACE_OUTER_BOUND('',#630,.T.);
#413=FACE_OUTER_BOUND('',#631,.T.);
#414=FACE_OUTER_BOUND('',#632,.T.);
#415=FACE_OUTER_BOUND('',#633,.T.);
#416=FACE_OUTER_BOUND('',#634,.T.);
#417=FACE_OUTER_BOUND('',#636,.T.);
#418=FACE_OUTER_BOUND('',#637,.T.);
#419=FACE_OUTER_BOUND('',#638,.T.);
#420=FACE_OUTER_BOUND('',#639,.T.);
#421=FACE_OUTER_BOUND('',#640,.T.);
#422=FACE_OUTER_BOUND('',#641,.T.);
#423=FACE_OUTER_BOUND('',#642,.T.);
#424=FACE_OUTER_BOUND('',#643,.T.);
#425=FACE_OUTER_BOUND('',#644,.T.);
#426=FACE_OUTER_BOUND('',#645,.T.);
#427=FACE_OUTER_BOUND('',#646,.T.);
#428=FACE_OUTER_BOUND('',#648,.T.);
#429=FACE_OUTER_BOUND('',#650,.T.);
#430=FACE_OUTER_BOUND('',#651,.T.);
#431=FACE_OUTER_BOUND('',#652,.T.);
#432=FACE_OUTER_BOUND('',#655,.T.);
#433=FACE_OUTER_BOUND('',#656,.T.);
#434=FACE_OUTER_BOUND('',#657,.T.);
#435=FACE_OUTER_BOUND('',#660,.T.);
#436=FACE_OUTER_BOUND('',#661,.T.);
#437=FACE_OUTER_BOUND('',#662,.T.);
#438=FACE_OUTER_BOUND('',#663,.T.);
#439=FACE_OUTER_BOUND('',#664,.T.);
#440=FACE_OUTER_BOUND('',#667,.T.);
#441=FACE_OUTER_BOUND('',#668,.T.);
#442=FACE_OUTER_BOUND('',#669,.T.);
#443=FACE_OUTER_BOUND('',#670,.T.);
#444=FACE_OUTER_BOUND('',#671,.T.);
#445=FACE_OUTER_BOUND('',#672,.T.);
#446=FACE_OUTER_BOUND('',#673,.T.);
#447=FACE_OUTER_BOUND('',#674,.T.);
#448=FACE_OUTER_BOUND('',#675,.T.);
#449=FACE_OUTER_BOUND('',#676,.T.);
#450=FACE_OUTER_BOUND('',#677,.T.);
#451=FACE_OUTER_BOUND('',#678,.T.);
#452=FACE_OUTER_BOUND('',#681,.T.);
#453=FACE_OUTER_BOUND('',#682,.T.);
#454=FACE_OUTER_BOUND('',#683,.T.);
#455=FACE_OUTER_BOUND('',#684,.T.);
#456=FACE_OUTER_BOUND('',#685,.T.);
#457=EDGE_LOOP('',(#2229,#2230,#2231,#2232,#2233,#2234,#2235));
#458=EDGE_LOOP('',(#2236,#2237,#2238,#2239));
#459=EDGE_LOOP('',(#2240,#2241,#2242,#2243));
#460=EDGE_LOOP('',(#2244,#2245,#2246,#2247));
#461=EDGE_LOOP('',(#2248,#2249,#2250,#2251));
#462=EDGE_LOOP('',(#2252,#2253,#2254,#2255,#2256,#2257,#2258,#2259,#2260));
#463=EDGE_LOOP('',(#2261,#2262,#2263,#2264,#2265));
#464=EDGE_LOOP('',(#2266,#2267,#2268,#2269));
#465=EDGE_LOOP('',(#2270,#2271,#2272,#2273,#2274,#2275,#2276));
#466=EDGE_LOOP('',(#2277,#2278,#2279,#2280));
#467=EDGE_LOOP('',(#2281,#2282,#2283,#2284,#2285));
#468=EDGE_LOOP('',(#2286,#2287,#2288,#2289,#2290,#2291,#2292,#2293,#2294,
#2295));
#469=EDGE_LOOP('',(#2296,#2297,#2298,#2299));
#470=EDGE_LOOP('',(#2300,#2301,#2302,#2303));
#471=EDGE_LOOP('',(#2304,#2305,#2306,#2307,#2308,#2309,#2310,#2311,#2312,
#2313,#2314));
#472=EDGE_LOOP('',(#2315,#2316,#2317,#2318));
#473=EDGE_LOOP('',(#2319,#2320,#2321,#2322));
#474=EDGE_LOOP('',(#2323,#2324,#2325,#2326,#2327));
#475=EDGE_LOOP('',(#2328,#2329,#2330,#2331,#2332));
#476=EDGE_LOOP('',(#2333,#2334,#2335,#2336));
#477=EDGE_LOOP('',(#2337,#2338,#2339,#2340,#2341,#2342,#2343,#2344,#2345));
#478=EDGE_LOOP('',(#2346,#2347,#2348,#2349,#2350,#2351,#2352,#2353,#2354,
#2355,#2356));
#479=EDGE_LOOP('',(#2357));
#480=EDGE_LOOP('',(#2358,#2359,#2360,#2361));
#481=EDGE_LOOP('',(#2362,#2363,#2364,#2365));
#482=EDGE_LOOP('',(#2366,#2367,#2368,#2369));
#483=EDGE_LOOP('',(#2370,#2371,#2372,#2373));
#484=EDGE_LOOP('',(#2374,#2375,#2376,#2377,#2378,#2379,#2380,#2381));
#485=EDGE_LOOP('',(#2382,#2383,#2384,#2385));
#486=EDGE_LOOP('',(#2386,#2387,#2388,#2389,#2390,#2391,#2392,#2393,#2394,
#2395));
#487=EDGE_LOOP('',(#2396,#2397,#2398,#2399));
#488=EDGE_LOOP('',(#2400,#2401,#2402,#2403));
#489=EDGE_LOOP('',(#2404));
#490=EDGE_LOOP('',(#2405,#2406,#2407,#2408));
#491=EDGE_LOOP('',(#2409,#2410,#2411,#2412,#2413,#2414,#2415));
#492=EDGE_LOOP('',(#2416,#2417,#2418,#2419));
#493=EDGE_LOOP('',(#2420,#2421,#2422,#2423,#2424,#2425,#2426));
#494=EDGE_LOOP('',(#2427,#2428,#2429,#2430,#2431,#2432,#2433,#2434));
#495=EDGE_LOOP('',(#2435,#2436,#2437,#2438));
#496=EDGE_LOOP('',(#2439,#2440,#2441,#2442,#2443,#2444,#2445));
#497=EDGE_LOOP('',(#2446,#2447,#2448,#2449,#2450,#2451));
#498=EDGE_LOOP('',(#2452,#2453,#2454,#2455));
#499=EDGE_LOOP('',(#2456,#2457));
#500=EDGE_LOOP('',(#2458));
#501=EDGE_LOOP('',(#2459,#2460,#2461,#2462));
#502=EDGE_LOOP('',(#2463));
#503=EDGE_LOOP('',(#2464));
#504=EDGE_LOOP('',(#2465,#2466,#2467,#2468));
#505=EDGE_LOOP('',(#2469,#2470,#2471));
#506=EDGE_LOOP('',(#2472,#2473,#2474));
#507=EDGE_LOOP('',(#2475));
#508=EDGE_LOOP('',(#2476));
#509=EDGE_LOOP('',(#2477));
#510=EDGE_LOOP('',(#2478));
#511=EDGE_LOOP('',(#2479,#2480,#2481,#2482));
#512=EDGE_LOOP('',(#2483,#2484,#2485,#2486));
#513=EDGE_LOOP('',(#2487,#2488,#2489,#2490));
#514=EDGE_LOOP('',(#2491,#2492,#2493,#2494));
#515=EDGE_LOOP('',(#2495,#2496,#2497,#2498));
#516=EDGE_LOOP('',(#2499,#2500,#2501,#2502));
#517=EDGE_LOOP('',(#2503));
#518=EDGE_LOOP('',(#2504));
#519=EDGE_LOOP('',(#2505));
#520=EDGE_LOOP('',(#2506,#2507,#2508,#2509));
#521=EDGE_LOOP('',(#2510));
#522=EDGE_LOOP('',(#2511));
#523=EDGE_LOOP('',(#2512));
#524=EDGE_LOOP('',(#2513,#2514,#2515,#2516));
#525=EDGE_LOOP('',(#2517,#2518,#2519,#2520));
#526=EDGE_LOOP('',(#2521));
#527=EDGE_LOOP('',(#2522,#2523,#2524,#2525,#2526,#2527,#2528,#2529));
#528=EDGE_LOOP('',(#2530,#2531,#2532,#2533));
#529=EDGE_LOOP('',(#2534));
#530=EDGE_LOOP('',(#2535,#2536,#2537,#2538));
#531=EDGE_LOOP('',(#2539,#2540,#2541,#2542));
#532=EDGE_LOOP('',(#2543));
#533=EDGE_LOOP('',(#2544,#2545,#2546,#2547));
#534=EDGE_LOOP('',(#2548));
#535=EDGE_LOOP('',(#2549,#2550,#2551,#2552,#2553,#2554,#2555,#2556));
#536=EDGE_LOOP('',(#2557,#2558,#2559,#2560));
#537=EDGE_LOOP('',(#2561,#2562,#2563,#2564));
#538=EDGE_LOOP('',(#2565,#2566,#2567,#2568,#2569));
#539=EDGE_LOOP('',(#2570,#2571,#2572,#2573,#2574));
#540=EDGE_LOOP('',(#2575,#2576,#2577,#2578));
#541=EDGE_LOOP('',(#2579,#2580,#2581,#2582,#2583,#2584,#2585,#2586));
#542=EDGE_LOOP('',(#2587,#2588,#2589,#2590));
#543=EDGE_LOOP('',(#2591,#2592,#2593,#2594));
#544=EDGE_LOOP('',(#2595,#2596,#2597,#2598));
#545=EDGE_LOOP('',(#2599,#2600,#2601,#2602));
#546=EDGE_LOOP('',(#2603,#2604,#2605,#2606));
#547=EDGE_LOOP('',(#2607));
#548=EDGE_LOOP('',(#2608,#2609,#2610,#2611,#2612,#2613));
#549=EDGE_LOOP('',(#2614,#2615,#2616,#2617,#2618,#2619));
#550=EDGE_LOOP('',(#2620));
#551=EDGE_LOOP('',(#2621));
#552=EDGE_LOOP('',(#2622));
#553=EDGE_LOOP('',(#2623,#2624,#2625,#2626));
#554=EDGE_LOOP('',(#2627,#2628,#2629,#2630));
#555=EDGE_LOOP('',(#2631,#2632,#2633,#2634));
#556=EDGE_LOOP('',(#2635,#2636,#2637,#2638));
#557=EDGE_LOOP('',(#2639,#2640,#2641,#2642));
#558=EDGE_LOOP('',(#2643));
#559=EDGE_LOOP('',(#2644,#2645,#2646,#2647,#2648,#2649,#2650,#2651));
#560=EDGE_LOOP('',(#2652,#2653,#2654,#2655,#2656,#2657));
#561=EDGE_LOOP('',(#2658,#2659,#2660,#2661,#2662,#2663));
#562=EDGE_LOOP('',(#2664,#2665,#2666,#2667));
#563=EDGE_LOOP('',(#2668,#2669,#2670,#2671));
#564=EDGE_LOOP('',(#2672));
#565=EDGE_LOOP('',(#2673,#2674,#2675,#2676));
#566=EDGE_LOOP('',(#2677));
#567=EDGE_LOOP('',(#2678,#2679,#2680,#2681));
#568=EDGE_LOOP('',(#2682,#2683,#2684,#2685));
#569=EDGE_LOOP('',(#2686,#2687,#2688,#2689));
#570=EDGE_LOOP('',(#2690,#2691,#2692,#2693,#2694,#2695));
#571=EDGE_LOOP('',(#2696,#2697,#2698,#2699,#2700,#2701));
#572=EDGE_LOOP('',(#2702));
#573=EDGE_LOOP('',(#2703));
#574=EDGE_LOOP('',(#2704));
#575=EDGE_LOOP('',(#2705,#2706,#2707,#2708));
#576=EDGE_LOOP('',(#2709));
#577=EDGE_LOOP('',(#2710,#2711,#2712,#2713));
#578=EDGE_LOOP('',(#2714));
#579=EDGE_LOOP('',(#2715,#2716,#2717,#2718));
#580=EDGE_LOOP('',(#2719,#2720,#2721,#2722,#2723,#2724));
#581=EDGE_LOOP('',(#2725,#2726,#2727,#2728,#2729,#2730,#2731,#2732,#2733,
#2734,#2735,#2736));
#582=EDGE_LOOP('',(#2737,#2738,#2739,#2740));
#583=EDGE_LOOP('',(#2741,#2742,#2743,#2744));
#584=EDGE_LOOP('',(#2745,#2746,#2747,#2748,#2749,#2750));
#585=EDGE_LOOP('',(#2751,#2752,#2753,#2754));
#586=EDGE_LOOP('',(#2755,#2756,#2757,#2758));
#587=EDGE_LOOP('',(#2759,#2760,#2761,#2762,#2763,#2764,#2765,#2766));
#588=EDGE_LOOP('',(#2767));
#589=EDGE_LOOP('',(#2768));
#590=EDGE_LOOP('',(#2769));
#591=EDGE_LOOP('',(#2770));
#592=EDGE_LOOP('',(#2771));
#593=EDGE_LOOP('',(#2772,#2773,#2774,#2775));
#594=EDGE_LOOP('',(#2776,#2777,#2778,#2779));
#595=EDGE_LOOP('',(#2780,#2781,#2782,#2783));
#596=EDGE_LOOP('',(#2784,#2785,#2786,#2787));
#597=EDGE_LOOP('',(#2788,#2789,#2790,#2791));
#598=EDGE_LOOP('',(#2792,#2793,#2794,#2795));
#599=EDGE_LOOP('',(#2796,#2797,#2798,#2799));
#600=EDGE_LOOP('',(#2800,#2801,#2802,#2803));
#601=EDGE_LOOP('',(#2804,#2805,#2806,#2807));
#602=EDGE_LOOP('',(#2808,#2809,#2810,#2811));
#603=EDGE_LOOP('',(#2812,#2813,#2814,#2815));
#604=EDGE_LOOP('',(#2816,#2817,#2818,#2819,#2820,#2821,#2822,#2823));
#605=EDGE_LOOP('',(#2824));
#606=EDGE_LOOP('',(#2825));
#607=EDGE_LOOP('',(#2826));
#608=EDGE_LOOP('',(#2827));
#609=EDGE_LOOP('',(#2828));
#610=EDGE_LOOP('',(#2829,#2830,#2831,#2832));
#611=EDGE_LOOP('',(#2833,#2834,#2835,#2836));
#612=EDGE_LOOP('',(#2837,#2838,#2839,#2840));
#613=EDGE_LOOP('',(#2841,#2842,#2843,#2844));
#614=EDGE_LOOP('',(#2845,#2846,#2847,#2848));
#615=EDGE_LOOP('',(#2849,#2850,#2851,#2852));
#616=EDGE_LOOP('',(#2853,#2854,#2855,#2856));
#617=EDGE_LOOP('',(#2857,#2858,#2859,#2860));
#618=EDGE_LOOP('',(#2861,#2862,#2863,#2864,#2865,#2866,#2867,#2868,#2869,
#2870,#2871,#2872));
#619=EDGE_LOOP('',(#2873,#2874,#2875,#2876));
#620=EDGE_LOOP('',(#2877,#2878,#2879,#2880));
#621=EDGE_LOOP('',(#2881,#2882,#2883,#2884));
#622=EDGE_LOOP('',(#2885,#2886,#2887,#2888));
#623=EDGE_LOOP('',(#2889,#2890,#2891,#2892));
#624=EDGE_LOOP('',(#2893,#2894,#2895,#2896));
#625=EDGE_LOOP('',(#2897,#2898,#2899,#2900));
#626=EDGE_LOOP('',(#2901,#2902,#2903,#2904));
#627=EDGE_LOOP('',(#2905,#2906,#2907,#2908));
#628=EDGE_LOOP('',(#2909,#2910,#2911,#2912));
#629=EDGE_LOOP('',(#2913,#2914,#2915,#2916));
#630=EDGE_LOOP('',(#2917,#2918,#2919,#2920));
#631=EDGE_LOOP('',(#2921,#2922,#2923,#2924));
#632=EDGE_LOOP('',(#2925,#2926,#2927,#2928));
#633=EDGE_LOOP('',(#2929,#2930,#2931,#2932,#2933,#2934,#2935,#2936,#2937,
#2938,#2939,#2940));
#634=EDGE_LOOP('',(#2941,#2942,#2943,#2944));
#635=EDGE_LOOP('',(#2945,#2946,#2947,#2948));
#636=EDGE_LOOP('',(#2949,#2950,#2951,#2952));
#637=EDGE_LOOP('',(#2953,#2954,#2955,#2956));
#638=EDGE_LOOP('',(#2957,#2958,#2959,#2960));
#639=EDGE_LOOP('',(#2961,#2962,#2963,#2964));
#640=EDGE_LOOP('',(#2965,#2966,#2967,#2968));
#641=EDGE_LOOP('',(#2969,#2970,#2971,#2972));
#642=EDGE_LOOP('',(#2973,#2974,#2975,#2976));
#643=EDGE_LOOP('',(#2977,#2978,#2979,#2980));
#644=EDGE_LOOP('',(#2981,#2982,#2983,#2984));
#645=EDGE_LOOP('',(#2985,#2986,#2987,#2988));
#646=EDGE_LOOP('',(#2989,#2990,#2991,#2992,#2993,#2994,#2995,#2996,#2997,
#2998));
#647=EDGE_LOOP('',(#2999,#3000,#3001,#3002));
#648=EDGE_LOOP('',(#3003,#3004,#3005,#3006,#3007,#3008,#3009,#3010,#3011,
#3012));
#649=EDGE_LOOP('',(#3013,#3014,#3015,#3016,#3017,#3018,#3019,#3020,#3021,
#3022,#3023,#3024,#3025,#3026,#3027,#3028,#3029,#3030,#3031,#3032));
#650=EDGE_LOOP('',(#3033,#3034,#3035,#3036));
#651=EDGE_LOOP('',(#3037,#3038,#3039,#3040));
#652=EDGE_LOOP('',(#3041,#3042,#3043,#3044,#3045,#3046,#3047,#3048,#3049));
#653=EDGE_LOOP('',(#3050));
#654=EDGE_LOOP('',(#3051));
#655=EDGE_LOOP('',(#3052,#3053,#3054,#3055));
#656=EDGE_LOOP('',(#3056,#3057,#3058,#3059));
#657=EDGE_LOOP('',(#3060,#3061,#3062,#3063,#3064,#3065,#3066,#3067,#3068));
#658=EDGE_LOOP('',(#3069));
#659=EDGE_LOOP('',(#3070));
#660=EDGE_LOOP('',(#3071,#3072,#3073,#3074));
#661=EDGE_LOOP('',(#3075,#3076,#3077,#3078));
#662=EDGE_LOOP('',(#3079,#3080,#3081,#3082));
#663=EDGE_LOOP('',(#3083,#3084,#3085,#3086));
#664=EDGE_LOOP('',(#3087,#3088,#3089,#3090,#3091));
#665=EDGE_LOOP('',(#3092));
#666=EDGE_LOOP('',(#3093));
#667=EDGE_LOOP('',(#3094,#3095,#3096,#3097));
#668=EDGE_LOOP('',(#3098,#3099,#3100,#3101));
#669=EDGE_LOOP('',(#3102,#3103,#3104,#3105));
#670=EDGE_LOOP('',(#3106,#3107,#3108,#3109));
#671=EDGE_LOOP('',(#3110,#3111,#3112,#3113));
#672=EDGE_LOOP('',(#3114,#3115,#3116,#3117,#3118,#3119,#3120,#3121,#3122,
#3123,#3124,#3125,#3126,#3127,#3128,#3129,#3130,#3131,#3132,#3133));
#673=EDGE_LOOP('',(#3134,#3135,#3136,#3137,#3138,#3139,#3140,#3141,#3142,
#3143,#3144,#3145));
#674=EDGE_LOOP('',(#3146,#3147,#3148,#3149));
#675=EDGE_LOOP('',(#3150,#3151,#3152,#3153));
#676=EDGE_LOOP('',(#3154,#3155,#3156,#3157));
#677=EDGE_LOOP('',(#3158,#3159,#3160,#3161));
#678=EDGE_LOOP('',(#3162,#3163,#3164,#3165,#3166));
#679=EDGE_LOOP('',(#3167));
#680=EDGE_LOOP('',(#3168));
#681=EDGE_LOOP('',(#3169,#3170,#3171,#3172));
#682=EDGE_LOOP('',(#3173,#3174,#3175,#3176));
#683=EDGE_LOOP('',(#3177,#3178,#3179,#3180));
#684=EDGE_LOOP('',(#3181,#3182,#3183,#3184));
#685=EDGE_LOOP('',(#3185,#3186,#3187,#3188));
#686=LINE('',#4832,#1059);
#687=LINE('',#4834,#1060);
#688=LINE('',#4836,#1061);
#689=LINE('',#4838,#1062);
#690=LINE('',#4840,#1063);
#691=LINE('',#4842,#1064);
#692=LINE('',#4843,#1065);
#693=LINE('',#4846,#1066);
#694=LINE('',#4848,#1067);
#695=LINE('',#4849,#1068);
#696=LINE('',#4852,#1069);
#697=LINE('',#4853,#1070);
#698=LINE('',#4856,#1071);
#699=LINE('',#4858,#1072);
#700=LINE('',#4859,#1073);
#701=LINE('',#4862,#1074);
#702=LINE('',#4863,#1075);
#703=LINE('',#4866,#1076);
#704=LINE('',#4868,#1077);
#705=LINE('',#4870,#1078);
#706=LINE('',#4872,#1079);
#707=LINE('',#4874,#1080);
#708=LINE('',#4876,#1081);
#709=LINE('',#4877,#1082);
#710=LINE('',#4880,#1083);
#711=LINE('',#4882,#1084);
#712=LINE('',#4884,#1085);
#713=LINE('',#4885,#1086);
#714=LINE('',#4889,#1087);
#715=LINE('',#4890,#1088);
#716=LINE('',#4891,#1089);
#717=LINE('',#4894,#1090);
#718=LINE('',#4896,#1091);
#719=LINE('',#4898,#1092);
#720=LINE('',#4899,#1093);
#721=LINE('',#4902,#1094);
#722=LINE('',#4904,#1095);
#723=LINE('',#4905,#1096);
#724=LINE('',#4908,#1097);
#725=LINE('',#4910,#1098);
#726=LINE('',#4911,#1099);
#727=LINE('',#4913,#1100);
#728=LINE('',#4915,#1101);
#729=LINE('',#4917,#1102);
#730=LINE('',#4919,#1103);
#731=LINE('',#4921,#1104);
#732=LINE('',#4923,#1105);
#733=LINE('',#4924,#1106);
#734=LINE('',#4928,#1107);
#735=LINE('',#4930,#1108);
#736=LINE('',#4932,#1109);
#737=LINE('',#4933,#1110);
#738=LINE('',#4936,#1111);
#739=LINE('',#4938,#1112);
#740=LINE('',#4940,#1113);
#741=LINE('',#4941,#1114);
#742=LINE('',#4943,#1115);
#743=LINE('',#4945,#1116);
#744=LINE('',#4947,#1117);
#745=LINE('',#4949,#1118);
#746=LINE('',#4950,#1119);
#747=LINE('',#4951,#1120);
#748=LINE('',#4952,#1121);
#749=LINE('',#4957,#1122);
#750=LINE('',#4961,#1123);
#751=LINE('',#4962,#1124);
#752=LINE('',#4965,#1125);
#753=LINE('',#4966,#1126);
#754=LINE('',#4969,#1127);
#755=LINE('',#4971,#1128);
#756=LINE('',#4972,#1129);
#757=LINE('',#4975,#1130);
#758=LINE('',#4977,#1131);
#759=LINE('',#4978,#1132);
#760=LINE('',#4980,#1133);
#761=LINE('',#4981,#1134);
#762=LINE('',#4983,#1135);
#763=LINE('',#4986,#1136);
#764=LINE('',#4988,#1137);
#765=LINE('',#4989,#1138);
#766=LINE('',#4992,#1139);
#767=LINE('',#4993,#1140);
#768=LINE('',#4996,#1141);
#769=LINE('',#4997,#1142);
#770=LINE('',#4999,#1143);
#771=LINE('',#5003,#1144);
#772=LINE('',#5005,#1145);
#773=LINE('',#5007,#1146);
#774=LINE('',#5009,#1147);
#775=LINE('',#5010,#1148);
#776=LINE('',#5012,#1149);
#777=LINE('',#5013,#1150);
#778=LINE('',#5016,#1151);
#779=LINE('',#5017,#1152);
#780=LINE('',#5018,#1153);
#781=LINE('',#5019,#1154);
#782=LINE('',#5022,#1155);
#783=LINE('',#5023,#1156);
#784=LINE('',#5026,#1157);
#785=LINE('',#5027,#1158);
#786=LINE('',#5029,#1159);
#787=LINE('',#5031,#1160);
#788=LINE('',#5033,#1161);
#789=LINE('',#5077,#1162);
#790=LINE('',#5163,#1163);
#791=LINE('',#5208,#1164);
#792=LINE('',#5215,#1165);
#793=LINE('',#5222,#1166);
#794=LINE('',#5231,#1167);
#795=LINE('',#5237,#1168);
#796=LINE('',#5243,#1169);
#797=LINE('',#5249,#1170);
#798=LINE('',#5255,#1171);
#799=LINE('',#5260,#1172);
#800=LINE('',#5262,#1173);
#801=LINE('',#5264,#1174);
#802=LINE('',#5265,#1175);
#803=LINE('',#5269,#1176);
#804=LINE('',#5271,#1177);
#805=LINE('',#5273,#1178);
#806=LINE('',#5274,#1179);
#807=LINE('',#5278,#1180);
#808=LINE('',#5279,#1181);
#809=LINE('',#5280,#1182);
#810=LINE('',#5283,#1183);
#811=LINE('',#5284,#1184);
#812=LINE('',#5287,#1185);
#813=LINE('',#5289,#1186);
#814=LINE('',#5291,#1187);
#815=LINE('',#5292,#1188);
#816=LINE('',#5293,#1189);
#817=LINE('',#5296,#1190);
#818=LINE('',#5297,#1191);
#819=LINE('',#5300,#1192);
#820=LINE('',#5301,#1193);
#821=LINE('',#5303,#1194);
#822=LINE('',#5305,#1195);
#823=LINE('',#5312,#1196);
#824=LINE('',#5318,#1197);
#825=LINE('',#5327,#1198);
#826=LINE('',#5330,#1199);
#827=LINE('',#5336,#1200);
#828=LINE('',#5340,#1201);
#829=LINE('',#5343,#1202);
#830=LINE('',#5344,#1203);
#831=LINE('',#5347,#1204);
#832=LINE('',#5351,#1205);
#833=LINE('',#5354,#1206);
#834=LINE('',#5357,#1207);
#835=LINE('',#5360,#1208);
#836=LINE('',#5362,#1209);
#837=LINE('',#5363,#1210);
#838=LINE('',#5366,#1211);
#839=LINE('',#5368,#1212);
#840=LINE('',#5371,#1213);
#841=LINE('',#5372,#1214);
#842=LINE('',#5375,#1215);
#843=LINE('',#5377,#1216);
#844=LINE('',#5378,#1217);
#845=LINE('',#5381,#1218);
#846=LINE('',#5383,#1219);
#847=LINE('',#5385,#1220);
#848=LINE('',#5386,#1221);
#849=LINE('',#5389,#1222);
#850=LINE('',#5391,#1223);
#851=LINE('',#5394,#1224);
#852=LINE('',#5401,#1225);
#853=LINE('',#5402,#1226);
#854=LINE('',#5407,#1227);
#855=LINE('',#5408,#1228);
#856=LINE('',#5411,#1229);
#857=LINE('',#5412,#1230);
#858=LINE('',#5415,#1231);
#859=LINE('',#5417,#1232);
#860=LINE('',#5419,#1233);
#861=LINE('',#5420,#1234);
#862=LINE('',#5423,#1235);
#863=LINE('',#5425,#1236);
#864=LINE('',#5426,#1237);
#865=LINE('',#5429,#1238);
#866=LINE('',#5431,#1239);
#867=LINE('',#5434,#1240);
#868=LINE('',#5437,#1241);
#869=LINE('',#5438,#1242);
#870=LINE('',#5443,#1243);
#871=LINE('',#5450,#1244);
#872=LINE('',#5455,#1245);
#873=LINE('',#5457,#1246);
#874=LINE('',#5461,#1247);
#875=LINE('',#5464,#1248);
#876=LINE('',#5467,#1249);
#877=LINE('',#5469,#1250);
#878=LINE('',#5472,#1251);
#879=LINE('',#5474,#1252);
#880=LINE('',#5477,#1253);
#881=LINE('',#5482,#1254);
#882=LINE('',#5488,#1255);
#883=LINE('',#5492,#1256);
#884=LINE('',#5495,#1257);
#885=LINE('',#5496,#1258);
#886=LINE('',#5499,#1259);
#887=LINE('',#5500,#1260);
#888=LINE('',#5503,#1261);
#889=LINE('',#5506,#1262);
#890=LINE('',#5514,#1263);
#891=LINE('',#5517,#1264);
#892=LINE('',#5520,#1265);
#893=LINE('',#5522,#1266);
#894=LINE('',#5523,#1267);
#895=LINE('',#5526,#1268);
#896=LINE('',#5530,#1269);
#897=LINE('',#5534,#1270);
#898=LINE('',#5548,#1271);
#899=LINE('',#5551,#1272);
#900=LINE('',#5554,#1273);
#901=LINE('',#5555,#1274);
#902=LINE('',#5559,#1275);
#903=LINE('',#5562,#1276);
#904=LINE('',#5566,#1277);
#905=LINE('',#5570,#1278);
#906=LINE('',#5574,#1279);
#907=LINE('',#5578,#1280);
#908=LINE('',#5582,#1281);
#909=LINE('',#5585,#1282);
#910=LINE('',#5587,#1283);
#911=LINE('',#5593,#1284);
#912=LINE('',#5595,#1285);
#913=LINE('',#5597,#1286);
#914=LINE('',#5598,#1287);
#915=LINE('',#5602,#1288);
#916=LINE('',#5604,#1289);
#917=LINE('',#5606,#1290);
#918=LINE('',#5607,#1291);
#919=LINE('',#5610,#1292);
#920=LINE('',#5612,#1293);
#921=LINE('',#5613,#1294);
#922=LINE('',#5616,#1295);
#923=LINE('',#5618,#1296);
#924=LINE('',#5619,#1297);
#925=LINE('',#5622,#1298);
#926=LINE('',#5624,#1299);
#927=LINE('',#5625,#1300);
#928=LINE('',#5628,#1301);
#929=LINE('',#5629,#1302);
#930=LINE('',#5632,#1303);
#931=LINE('',#5633,#1304);
#932=LINE('',#5635,#1305);
#933=LINE('',#5638,#1306);
#934=LINE('',#5640,#1307);
#935=LINE('',#5642,#1308);
#936=LINE('',#5644,#1309);
#937=LINE('',#5646,#1310);
#938=LINE('',#5648,#1311);
#939=LINE('',#5650,#1312);
#940=LINE('',#5652,#1313);
#941=LINE('',#5653,#1314);
#942=LINE('',#5657,#1315);
#943=LINE('',#5659,#1316);
#944=LINE('',#5661,#1317);
#945=LINE('',#5662,#1318);
#946=LINE('',#5665,#1319);
#947=LINE('',#5667,#1320);
#948=LINE('',#5668,#1321);
#949=LINE('',#5671,#1322);
#950=LINE('',#5673,#1323);
#951=LINE('',#5674,#1324);
#952=LINE('',#5677,#1325);
#953=LINE('',#5678,#1326);
#954=LINE('',#5681,#1327);
#955=LINE('',#5683,#1328);
#956=LINE('',#5684,#1329);
#957=LINE('',#5687,#1330);
#958=LINE('',#5688,#1331);
#959=LINE('',#5690,#1332);
#960=LINE('',#5692,#1333);
#961=LINE('',#5696,#1334);
#962=LINE('',#5698,#1335);
#963=LINE('',#5700,#1336);
#964=LINE('',#5701,#1337);
#965=LINE('',#5704,#1338);
#966=LINE('',#5706,#1339);
#967=LINE('',#5707,#1340);
#968=LINE('',#5710,#1341);
#969=LINE('',#5712,#1342);
#970=LINE('',#5713,#1343);
#971=LINE('',#5715,#1344);
#972=LINE('',#5716,#1345);
#973=LINE('',#5719,#1346);
#974=LINE('',#5721,#1347);
#975=LINE('',#5722,#1348);
#976=LINE('',#5725,#1349);
#977=LINE('',#5727,#1350);
#978=LINE('',#5728,#1351);
#979=LINE('',#5730,#1352);
#980=LINE('',#5731,#1353);
#981=LINE('',#5732,#1354);
#982=LINE('',#5733,#1355);
#983=LINE('',#5740,#1356);
#984=LINE('',#5743,#1357);
#985=LINE('',#5746,#1358);
#986=LINE('',#5748,#1359);
#987=LINE('',#5749,#1360);
#988=LINE('',#5752,#1361);
#989=LINE('',#5754,#1362);
#990=LINE('',#5755,#1363);
#991=LINE('',#5758,#1364);
#992=LINE('',#5760,#1365);
#993=LINE('',#5761,#1366);
#994=LINE('',#5766,#1367);
#995=LINE('',#5773,#1368);
#996=LINE('',#5776,#1369);
#997=LINE('',#5778,#1370);
#998=LINE('',#5779,#1371);
#999=LINE('',#5782,#1372);
#1000=LINE('',#5784,#1373);
#1001=LINE('',#5785,#1374);
#1002=LINE('',#5788,#1375);
#1003=LINE('',#5790,#1376);
#1004=LINE('',#5791,#1377);
#1005=LINE('',#5801,#1378);
#1006=LINE('',#5803,#1379);
#1007=LINE('',#5805,#1380);
#1008=LINE('',#5806,#1381);
#1009=LINE('',#5810,#1382);
#1010=LINE('',#5812,#1383);
#1011=LINE('',#5814,#1384);
#1012=LINE('',#5815,#1385);
#1013=LINE('',#5818,#1386);
#1014=LINE('',#5820,#1387);
#1015=LINE('',#5826,#1388);
#1016=LINE('',#5828,#1389);
#1017=LINE('',#5830,#1390);
#1018=LINE('',#5831,#1391);
#1019=LINE('',#5838,#1392);
#1020=LINE('',#5840,#1393);
#1021=LINE('',#5841,#1394);
#1022=LINE('',#5844,#1395);
#1023=LINE('',#5846,#1396);
#1024=LINE('',#5847,#1397);
#1025=LINE('',#5850,#1398);
#1026=LINE('',#5852,#1399);
#1027=LINE('',#5854,#1400);
#1028=LINE('',#5856,#1401);
#1029=LINE('',#5862,#1402);
#1030=LINE('',#5863,#1403);
#1031=LINE('',#5870,#1404);
#1032=LINE('',#5874,#1405);
#1033=LINE('',#5878,#1406);
#1034=LINE('',#5880,#1407);
#1035=LINE('',#5885,#1408);
#1036=LINE('',#5888,#1409);
#1037=LINE('',#5890,#1410);
#1038=LINE('',#5891,#1411);
#1039=LINE('',#5893,#1412);
#1040=LINE('',#5895,#1413);
#1041=LINE('',#5900,#1414);
#1042=LINE('',#5904,#1415);
#1043=LINE('',#5906,#1416);
#1044=LINE('',#5907,#1417);
#1045=LINE('',#5913,#1418);
#1046=LINE('',#5915,#1419);
#1047=LINE('',#5916,#1420);
#1048=LINE('',#5920,#1421);
#1049=LINE('',#5926,#1422);
#1050=LINE('',#5930,#1423);
#1051=LINE('',#5934,#1424);
#1052=LINE('',#5938,#1425);
#1053=LINE('',#5941,#1426);
#1054=LINE('',#5944,#1427);
#1055=LINE('',#5947,#1428);
#1056=LINE('',#5948,#1429);
#1057=LINE('',#5952,#1430);
#1058=LINE('',#5954,#1431);
#1059=VECTOR('',#3876,10.);
#1060=VECTOR('',#3877,10.);
#1061=VECTOR('',#3878,10.);
#1062=VECTOR('',#3879,10.);
#1063=VECTOR('',#3880,10.);
#1064=VECTOR('',#3881,10.);
#1065=VECTOR('',#3882,10.);
#1066=VECTOR('',#3885,10.);
#1067=VECTOR('',#3886,10.);
#1068=VECTOR('',#3887,10.);
#1069=VECTOR('',#3890,10.);
#1070=VECTOR('',#3891,10.);
#1071=VECTOR('',#3894,10.);
#1072=VECTOR('',#3895,10.);
#1073=VECTOR('',#3896,10.);
#1074=VECTOR('',#3899,10.);
#1075=VECTOR('',#3900,10.);
#1076=VECTOR('',#3903,10.);
#1077=VECTOR('',#3904,10.);
#1078=VECTOR('',#3905,10.);
#1079=VECTOR('',#3906,10.);
#1080=VECTOR('',#3907,10.);
#1081=VECTOR('',#3908,10.);
#1082=VECTOR('',#3909,10.);
#1083=VECTOR('',#3912,10.);
#1084=VECTOR('',#3913,10.);
#1085=VECTOR('',#3914,10.);
#1086=VECTOR('',#3915,10.);
#1087=VECTOR('',#3918,10.);
#1088=VECTOR('',#3919,10.);
#1089=VECTOR('',#3920,10.);
#1090=VECTOR('',#3923,10.);
#1091=VECTOR('',#3924,10.);
#1092=VECTOR('',#3925,10.);
#1093=VECTOR('',#3926,10.);
#1094=VECTOR('',#3929,10.);
#1095=VECTOR('',#3930,10.);
#1096=VECTOR('',#3931,10.);
#1097=VECTOR('',#3934,10.);
#1098=VECTOR('',#3935,10.);
#1099=VECTOR('',#3936,10.);
#1100=VECTOR('',#3939,10.);
#1101=VECTOR('',#3940,10.);
#1102=VECTOR('',#3941,10.);
#1103=VECTOR('',#3942,10.);
#1104=VECTOR('',#3943,10.);
#1105=VECTOR('',#3944,10.);
#1106=VECTOR('',#3945,10.);
#1107=VECTOR('',#3948,10.);
#1108=VECTOR('',#3949,10.);
#1109=VECTOR('',#3950,10.);
#1110=VECTOR('',#3951,10.);
#1111=VECTOR('',#3952,10.);
#1112=VECTOR('',#3953,10.);
#1113=VECTOR('',#3954,10.);
#1114=VECTOR('',#3955,10.);
#1115=VECTOR('',#3958,10.);
#1116=VECTOR('',#3959,10.);
#1117=VECTOR('',#3960,10.);
#1118=VECTOR('',#3961,10.);
#1119=VECTOR('',#3962,10.);
#1120=VECTOR('',#3963,10.);
#1121=VECTOR('',#3964,10.);
#1122=VECTOR('',#3969,4.3);
#1123=VECTOR('',#3974,10.);
#1124=VECTOR('',#3975,10.);
#1125=VECTOR('',#3978,10.);
#1126=VECTOR('',#3979,10.);
#1127=VECTOR('',#3982,10.);
#1128=VECTOR('',#3983,10.);
#1129=VECTOR('',#3984,10.);
#1130=VECTOR('',#3987,10.);
#1131=VECTOR('',#3988,10.);
#1132=VECTOR('',#3989,10.);
#1133=VECTOR('',#3992,10.);
#1134=VECTOR('',#3993,10.);
#1135=VECTOR('',#3996,10.);
#1136=VECTOR('',#3999,10.);
#1137=VECTOR('',#4000,10.);
#1138=VECTOR('',#4001,10.);
#1139=VECTOR('',#4004,10.);
#1140=VECTOR('',#4005,10.);
#1141=VECTOR('',#4008,10.);
#1142=VECTOR('',#4009,10.);
#1143=VECTOR('',#4012,10.);
#1144=VECTOR('',#4015,10.);
#1145=VECTOR('',#4016,10.);
#1146=VECTOR('',#4017,10.);
#1147=VECTOR('',#4018,10.);
#1148=VECTOR('',#4019,10.);
#1149=VECTOR('',#4020,10.);
#1150=VECTOR('',#4021,10.);
#1151=VECTOR('',#4024,10.);
#1152=VECTOR('',#4025,10.);
#1153=VECTOR('',#4026,10.);
#1154=VECTOR('',#4027,10.);
#1155=VECTOR('',#4030,10.);
#1156=VECTOR('',#4031,10.);
#1157=VECTOR('',#4034,10.);
#1158=VECTOR('',#4035,10.);
#1159=VECTOR('',#4038,10.);
#1160=VECTOR('',#4041,10.);
#1161=VECTOR('',#4044,10.);
#1162=VECTOR('',#4053,1.65);
#1163=VECTOR('',#4056,1.65);
#1164=VECTOR('',#4061,4.05);
#1165=VECTOR('',#4070,2.05);
#1166=VECTOR('',#4079,8.);
#1167=VECTOR('',#4092,1.7);
#1168=VECTOR('',#4099,1.7);
#1169=VECTOR('',#4106,1.7);
#1170=VECTOR('',#4113,1.7);
#1171=VECTOR('',#4120,2.3);
#1172=VECTOR('',#4125,10.);
#1173=VECTOR('',#4126,10.);
#1174=VECTOR('',#4127,10.);
#1175=VECTOR('',#4128,10.);
#1176=VECTOR('',#4131,10.);
#1177=VECTOR('',#4132,10.);
#1178=VECTOR('',#4133,10.);
#1179=VECTOR('',#4134,10.);
#1180=VECTOR('',#4137,10.);
#1181=VECTOR('',#4138,10.);
#1182=VECTOR('',#4139,10.);
#1183=VECTOR('',#4142,10.);
#1184=VECTOR('',#4143,10.);
#1185=VECTOR('',#4146,10.);
#1186=VECTOR('',#4147,10.);
#1187=VECTOR('',#4148,10.);
#1188=VECTOR('',#4149,10.);
#1189=VECTOR('',#4150,10.);
#1190=VECTOR('',#4153,10.);
#1191=VECTOR('',#4154,10.);
#1192=VECTOR('',#4157,10.);
#1193=VECTOR('',#4158,10.);
#1194=VECTOR('',#4161,10.);
#1195=VECTOR('',#4164,10.);
#1196=VECTOR('',#4173,1.7);
#1197=VECTOR('',#4180,1.7);
#1198=VECTOR('',#4189,10.);
#1199=VECTOR('',#4192,10.);
#1200=VECTOR('',#4197,10.);
#1201=VECTOR('',#4200,10.);
#1202=VECTOR('',#4205,10.);
#1203=VECTOR('',#4206,10.);
#1204=VECTOR('',#4209,10.);
#1205=VECTOR('',#4212,10.);
#1206=VECTOR('',#4215,10.);
#1207=VECTOR('',#4218,10.);
#1208=VECTOR('',#4221,10.);
#1209=VECTOR('',#4224,10.);
#1210=VECTOR('',#4225,10.);
#1211=VECTOR('',#4228,10.);
#1212=VECTOR('',#4229,10.);
#1213=VECTOR('',#4234,10.);
#1214=VECTOR('',#4235,10.);
#1215=VECTOR('',#4238,10.);
#1216=VECTOR('',#4239,10.);
#1217=VECTOR('',#4240,10.);
#1218=VECTOR('',#4243,10.);
#1219=VECTOR('',#4244,10.);
#1220=VECTOR('',#4245,10.);
#1221=VECTOR('',#4246,10.);
#1222=VECTOR('',#4249,10.);
#1223=VECTOR('',#4250,10.);
#1224=VECTOR('',#4253,10.);
#1225=VECTOR('',#4260,10.);
#1226=VECTOR('',#4261,10.);
#1227=VECTOR('',#4268,10.);
#1228=VECTOR('',#4269,10.);
#1229=VECTOR('',#4272,10.);
#1230=VECTOR('',#4273,10.);
#1231=VECTOR('',#4276,10.);
#1232=VECTOR('',#4277,10.);
#1233=VECTOR('',#4278,10.);
#1234=VECTOR('',#4279,10.);
#1235=VECTOR('',#4282,10.);
#1236=VECTOR('',#4283,10.);
#1237=VECTOR('',#4284,10.);
#1238=VECTOR('',#4287,10.);
#1239=VECTOR('',#4288,10.);
#1240=VECTOR('',#4291,10.);
#1241=VECTOR('',#4294,10.);
#1242=VECTOR('',#4295,10.);
#1243=VECTOR('',#4300,2.1);
#1244=VECTOR('',#4309,2.1);
#1245=VECTOR('',#4316,10.);
#1246=VECTOR('',#4317,10.);
#1247=VECTOR('',#4322,10.);
#1248=VECTOR('',#4325,10.);
#1249=VECTOR('',#4328,10.);
#1250=VECTOR('',#4329,10.);
#1251=VECTOR('',#4334,10.);
#1252=VECTOR('',#4337,10.);
#1253=VECTOR('',#4340,2.1);
#1254=VECTOR('',#4347,2.1);
#1255=VECTOR('',#4354,10.);
#1256=VECTOR('',#4357,10.);
#1257=VECTOR('',#4362,10.);
#1258=VECTOR('',#4363,10.);
#1259=VECTOR('',#4366,10.);
#1260=VECTOR('',#4367,10.);
#1261=VECTOR('',#4370,10.);
#1262=VECTOR('',#4375,10.);
#1263=VECTOR('',#4384,10.);
#1264=VECTOR('',#4387,10.);
#1265=VECTOR('',#4390,10.);
#1266=VECTOR('',#4391,10.);
#1267=VECTOR('',#4392,10.);
#1268=VECTOR('',#4395,10.);
#1269=VECTOR('',#4398,10.);
#1270=VECTOR('',#4401,10.);
#1271=VECTOR('',#4416,10.);
#1272=VECTOR('',#4419,10.);
#1273=VECTOR('',#4422,10.);
#1274=VECTOR('',#4423,10.);
#1275=VECTOR('',#4428,10.);
#1276=VECTOR('',#4431,10.);
#1277=VECTOR('',#4436,3.3);
#1278=VECTOR('',#4441,1.7);
#1279=VECTOR('',#4446,1.7);
#1280=VECTOR('',#4451,1.7);
#1281=VECTOR('',#4456,1.7);
#1282=VECTOR('',#4461,10.);
#1283=VECTOR('',#4464,10.);
#1284=VECTOR('',#4471,10.);
#1285=VECTOR('',#4472,10.);
#1286=VECTOR('',#4473,10.);
#1287=VECTOR('',#4474,10.);
#1288=VECTOR('',#4477,10.);
#1289=VECTOR('',#4478,10.);
#1290=VECTOR('',#4479,10.);
#1291=VECTOR('',#4480,10.);
#1292=VECTOR('',#4483,10.);
#1293=VECTOR('',#4484,10.);
#1294=VECTOR('',#4485,10.);
#1295=VECTOR('',#4488,10.);
#1296=VECTOR('',#4489,10.);
#1297=VECTOR('',#4490,10.);
#1298=VECTOR('',#4493,10.);
#1299=VECTOR('',#4494,10.);
#1300=VECTOR('',#4495,10.);
#1301=VECTOR('',#4498,10.);
#1302=VECTOR('',#4499,10.);
#1303=VECTOR('',#4502,10.);
#1304=VECTOR('',#4503,10.);
#1305=VECTOR('',#4506,10.);
#1306=VECTOR('',#4509,10.);
#1307=VECTOR('',#4510,10.);
#1308=VECTOR('',#4511,10.);
#1309=VECTOR('',#4512,10.);
#1310=VECTOR('',#4513,10.);
#1311=VECTOR('',#4514,10.);
#1312=VECTOR('',#4515,10.);
#1313=VECTOR('',#4516,10.);
#1314=VECTOR('',#4517,10.);
#1315=VECTOR('',#4520,10.);
#1316=VECTOR('',#4521,10.);
#1317=VECTOR('',#4522,10.);
#1318=VECTOR('',#4523,10.);
#1319=VECTOR('',#4526,10.);
#1320=VECTOR('',#4527,10.);
#1321=VECTOR('',#4528,10.);
#1322=VECTOR('',#4531,10.);
#1323=VECTOR('',#4532,10.);
#1324=VECTOR('',#4533,10.);
#1325=VECTOR('',#4536,10.);
#1326=VECTOR('',#4537,10.);
#1327=VECTOR('',#4540,10.);
#1328=VECTOR('',#4541,10.);
#1329=VECTOR('',#4542,10.);
#1330=VECTOR('',#4545,10.);
#1331=VECTOR('',#4546,10.);
#1332=VECTOR('',#4549,10.);
#1333=VECTOR('',#4552,10.);
#1334=VECTOR('',#4555,10.);
#1335=VECTOR('',#4556,10.);
#1336=VECTOR('',#4557,10.);
#1337=VECTOR('',#4558,10.);
#1338=VECTOR('',#4561,10.);
#1339=VECTOR('',#4562,10.);
#1340=VECTOR('',#4563,10.);
#1341=VECTOR('',#4566,10.);
#1342=VECTOR('',#4567,10.);
#1343=VECTOR('',#4568,10.);
#1344=VECTOR('',#4571,10.);
#1345=VECTOR('',#4572,10.);
#1346=VECTOR('',#4575,10.);
#1347=VECTOR('',#4576,10.);
#1348=VECTOR('',#4577,10.);
#1349=VECTOR('',#4580,10.);
#1350=VECTOR('',#4581,10.);
#1351=VECTOR('',#4582,10.);
#1352=VECTOR('',#4585,10.);
#1353=VECTOR('',#4586,10.);
#1354=VECTOR('',#4587,10.);
#1355=VECTOR('',#4588,10.);
#1356=VECTOR('',#4595,10.);
#1357=VECTOR('',#4598,10.);
#1358=VECTOR('',#4601,10.);
#1359=VECTOR('',#4602,10.);
#1360=VECTOR('',#4603,10.);
#1361=VECTOR('',#4606,10.);
#1362=VECTOR('',#4607,10.);
#1363=VECTOR('',#4608,10.);
#1364=VECTOR('',#4611,10.);
#1365=VECTOR('',#4612,10.);
#1366=VECTOR('',#4613,10.);
#1367=VECTOR('',#4618,10.);
#1368=VECTOR('',#4627,10.);
#1369=VECTOR('',#4630,10.);
#1370=VECTOR('',#4631,10.);
#1371=VECTOR('',#4632,10.);
#1372=VECTOR('',#4635,10.);
#1373=VECTOR('',#4636,10.);
#1374=VECTOR('',#4637,10.);
#1375=VECTOR('',#4640,10.);
#1376=VECTOR('',#4641,10.);
#1377=VECTOR('',#4642,10.);
#1378=VECTOR('',#4657,10.);
#1379=VECTOR('',#4658,10.);
#1380=VECTOR('',#4659,10.);
#1381=VECTOR('',#4660,10.);
#1382=VECTOR('',#4663,10.);
#1383=VECTOR('',#4664,10.);
#1384=VECTOR('',#4665,10.);
#1385=VECTOR('',#4666,10.);
#1386=VECTOR('',#4669,10.);
#1387=VECTOR('',#4670,10.);
#1388=VECTOR('',#4675,10.);
#1389=VECTOR('',#4676,10.);
#1390=VECTOR('',#4677,10.);
#1391=VECTOR('',#4678,10.);
#1392=VECTOR('',#4685,10.);
#1393=VECTOR('',#4686,10.);
#1394=VECTOR('',#4687,10.);
#1395=VECTOR('',#4690,10.);
#1396=VECTOR('',#4691,10.);
#1397=VECTOR('',#4692,10.);
#1398=VECTOR('',#4695,10.);
#1399=VECTOR('',#4696,10.);
#1400=VECTOR('',#4697,10.);
#1401=VECTOR('',#4698,10.);
#1402=VECTOR('',#4703,10.);
#1403=VECTOR('',#4704,10.);
#1404=VECTOR('',#4711,1.95);
#1405=VECTOR('',#4716,2.96);
#1406=VECTOR('',#4721,10.);
#1407=VECTOR('',#4722,10.);
#1408=VECTOR('',#4729,10.);
#1409=VECTOR('',#4732,10.);
#1410=VECTOR('',#4733,10.);
#1411=VECTOR('',#4734,10.);
#1412=VECTOR('',#4737,10.);
#1413=VECTOR('',#4740,10.);
#1414=VECTOR('',#4745,10.);
#1415=VECTOR('',#4750,10.);
#1416=VECTOR('',#4751,10.);
#1417=VECTOR('',#4752,10.);
#1418=VECTOR('',#4761,10.);
#1419=VECTOR('',#4762,10.);
#1420=VECTOR('',#4763,10.);
#1421=VECTOR('',#4766,10.);
#1422=VECTOR('',#4773,10.);
#1423=VECTOR('',#4778,1.95);
#1424=VECTOR('',#4783,2.96);
#1425=VECTOR('',#4788,10.);
#1426=VECTOR('',#4791,10.);
#1427=VECTOR('',#4794,10.);
#1428=VECTOR('',#4799,10.);
#1429=VECTOR('',#4800,10.);
#1430=VECTOR('',#4807,10.);
#1431=VECTOR('',#4810,10.);
#1432=VERTEX_POINT('',#4830);
#1433=VERTEX_POINT('',#4831);
#1434=VERTEX_POINT('',#4833);
#1435=VERTEX_POINT('',#4835);
#1436=VERTEX_POINT('',#4837);
#1437=VERTEX_POINT('',#4839);
#1438=VERTEX_POINT('',#4841);
#1439=VERTEX_POINT('',#4845);
#1440=VERTEX_POINT('',#4847);
#1441=VERTEX_POINT('',#4851);
#1442=VERTEX_POINT('',#4855);
#1443=VERTEX_POINT('',#4857);
#1444=VERTEX_POINT('',#4861);
#1445=VERTEX_POINT('',#4865);
#1446=VERTEX_POINT('',#4867);
#1447=VERTEX_POINT('',#4869);
#1448=VERTEX_POINT('',#4871);
#1449=VERTEX_POINT('',#4873);
#1450=VERTEX_POINT('',#4875);
#1451=VERTEX_POINT('',#4879);
#1452=VERTEX_POINT('',#4881);
#1453=VERTEX_POINT('',#4883);
#1454=VERTEX_POINT('',#4887);
#1455=VERTEX_POINT('',#4888);
#1456=VERTEX_POINT('',#4893);
#1457=VERTEX_POINT('',#4895);
#1458=VERTEX_POINT('',#4897);
#1459=VERTEX_POINT('',#4901);
#1460=VERTEX_POINT('',#4903);
#1461=VERTEX_POINT('',#4907);
#1462=VERTEX_POINT('',#4909);
#1463=VERTEX_POINT('',#4914);
#1464=VERTEX_POINT('',#4916);
#1465=VERTEX_POINT('',#4918);
#1466=VERTEX_POINT('',#4920);
#1467=VERTEX_POINT('',#4922);
#1468=VERTEX_POINT('',#4926);
#1469=VERTEX_POINT('',#4927);
#1470=VERTEX_POINT('',#4929);
#1471=VERTEX_POINT('',#4931);
#1472=VERTEX_POINT('',#4934);
#1473=VERTEX_POINT('',#4935);
#1474=VERTEX_POINT('',#4937);
#1475=VERTEX_POINT('',#4939);
#1476=VERTEX_POINT('',#4944);
#1477=VERTEX_POINT('',#4946);
#1478=VERTEX_POINT('',#4948);
#1479=VERTEX_POINT('',#4954);
#1480=VERTEX_POINT('',#4956);
#1481=VERTEX_POINT('',#4960);
#1482=VERTEX_POINT('',#4964);
#1483=VERTEX_POINT('',#4968);
#1484=VERTEX_POINT('',#4970);
#1485=VERTEX_POINT('',#4974);
#1486=VERTEX_POINT('',#4976);
#1487=VERTEX_POINT('',#4985);
#1488=VERTEX_POINT('',#4987);
#1489=VERTEX_POINT('',#4991);
#1490=VERTEX_POINT('',#4995);
#1491=VERTEX_POINT('',#5001);
#1492=VERTEX_POINT('',#5002);
#1493=VERTEX_POINT('',#5004);
#1494=VERTEX_POINT('',#5006);
#1495=VERTEX_POINT('',#5008);
#1496=VERTEX_POINT('',#5011);
#1497=VERTEX_POINT('',#5015);
#1498=VERTEX_POINT('',#5021);
#1499=VERTEX_POINT('',#5025);
#1500=VERTEX_POINT('',#5038);
#1501=VERTEX_POINT('',#5039);
#1502=VERTEX_POINT('',#5076);
#1503=VERTEX_POINT('',#5078);
#1504=VERTEX_POINT('',#5089);
#1505=VERTEX_POINT('',#5119);
#1506=VERTEX_POINT('',#5162);
#1507=VERTEX_POINT('',#5164);
#1508=VERTEX_POINT('',#5175);
#1509=VERTEX_POINT('',#5205);
#1510=VERTEX_POINT('',#5207);
#1511=VERTEX_POINT('',#5212);
#1512=VERTEX_POINT('',#5214);
#1513=VERTEX_POINT('',#5219);
#1514=VERTEX_POINT('',#5221);
#1515=VERTEX_POINT('',#5228);
#1516=VERTEX_POINT('',#5230);
#1517=VERTEX_POINT('',#5234);
#1518=VERTEX_POINT('',#5236);
#1519=VERTEX_POINT('',#5240);
#1520=VERTEX_POINT('',#5242);
#1521=VERTEX_POINT('',#5246);
#1522=VERTEX_POINT('',#5248);
#1523=VERTEX_POINT('',#5252);
#1524=VERTEX_POINT('',#5254);
#1525=VERTEX_POINT('',#5258);
#1526=VERTEX_POINT('',#5259);
#1527=VERTEX_POINT('',#5261);
#1528=VERTEX_POINT('',#5263);
#1529=VERTEX_POINT('',#5267);
#1530=VERTEX_POINT('',#5268);
#1531=VERTEX_POINT('',#5270);
#1532=VERTEX_POINT('',#5272);
#1533=VERTEX_POINT('',#5276);
#1534=VERTEX_POINT('',#5277);
#1535=VERTEX_POINT('',#5282);
#1536=VERTEX_POINT('',#5286);
#1537=VERTEX_POINT('',#5288);
#1538=VERTEX_POINT('',#5290);
#1539=VERTEX_POINT('',#5295);
#1540=VERTEX_POINT('',#5299);
#1541=VERTEX_POINT('',#5309);
#1542=VERTEX_POINT('',#5311);
#1543=VERTEX_POINT('',#5315);
#1544=VERTEX_POINT('',#5317);
#1545=VERTEX_POINT('',#5321);
#1546=VERTEX_POINT('',#5322);
#1547=VERTEX_POINT('',#5324);
#1548=VERTEX_POINT('',#5326);
#1549=VERTEX_POINT('',#5328);
#1550=VERTEX_POINT('',#5332);
#1551=VERTEX_POINT('',#5333);
#1552=VERTEX_POINT('',#5335);
#1553=VERTEX_POINT('',#5337);
#1554=VERTEX_POINT('',#5339);
#1555=VERTEX_POINT('',#5346);
#1556=VERTEX_POINT('',#5348);
#1557=VERTEX_POINT('',#5350);
#1558=VERTEX_POINT('',#5352);
#1559=VERTEX_POINT('',#5356);
#1560=VERTEX_POINT('',#5358);
#1561=VERTEX_POINT('',#5365);
#1562=VERTEX_POINT('',#5367);
#1563=VERTEX_POINT('',#5374);
#1564=VERTEX_POINT('',#5376);
#1565=VERTEX_POINT('',#5380);
#1566=VERTEX_POINT('',#5382);
#1567=VERTEX_POINT('',#5384);
#1568=VERTEX_POINT('',#5388);
#1569=VERTEX_POINT('',#5390);
#1570=VERTEX_POINT('',#5392);
#1571=VERTEX_POINT('',#5395);
#1572=VERTEX_POINT('',#5397);
#1573=VERTEX_POINT('',#5400);
#1574=VERTEX_POINT('',#5406);
#1575=VERTEX_POINT('',#5410);
#1576=VERTEX_POINT('',#5414);
#1577=VERTEX_POINT('',#5416);
#1578=VERTEX_POINT('',#5418);
#1579=VERTEX_POINT('',#5422);
#1580=VERTEX_POINT('',#5424);
#1581=VERTEX_POINT('',#5428);
#1582=VERTEX_POINT('',#5430);
#1583=VERTEX_POINT('',#5432);
#1584=VERTEX_POINT('',#5436);
#1585=VERTEX_POINT('',#5440);
#1586=VERTEX_POINT('',#5442);
#1587=VERTEX_POINT('',#5447);
#1588=VERTEX_POINT('',#5449);
#1589=VERTEX_POINT('',#5454);
#1590=VERTEX_POINT('',#5456);
#1591=VERTEX_POINT('',#5460);
#1592=VERTEX_POINT('',#5462);
#1593=VERTEX_POINT('',#5466);
#1594=VERTEX_POINT('',#5468);
#1595=VERTEX_POINT('',#5476);
#1596=VERTEX_POINT('',#5481);
#1597=VERTEX_POINT('',#5486);
#1598=VERTEX_POINT('',#5487);
#1599=VERTEX_POINT('',#5489);
#1600=VERTEX_POINT('',#5491);
#1601=VERTEX_POINT('',#5498);
#1602=VERTEX_POINT('',#5502);
#1603=VERTEX_POINT('',#5510);
#1604=VERTEX_POINT('',#5511);
#1605=VERTEX_POINT('',#5513);
#1606=VERTEX_POINT('',#5515);
#1607=VERTEX_POINT('',#5519);
#1608=VERTEX_POINT('',#5521);
#1609=VERTEX_POINT('',#5525);
#1610=VERTEX_POINT('',#5527);
#1611=VERTEX_POINT('',#5529);
#1612=VERTEX_POINT('',#5531);
#1613=VERTEX_POINT('',#5533);
#1614=VERTEX_POINT('',#5536);
#1615=VERTEX_POINT('',#5538);
#1616=VERTEX_POINT('',#5540);
#1617=VERTEX_POINT('',#5542);
#1618=VERTEX_POINT('',#5544);
#1619=VERTEX_POINT('',#5547);
#1620=VERTEX_POINT('',#5549);
#1621=VERTEX_POINT('',#5553);
#1622=VERTEX_POINT('',#5557);
#1623=VERTEX_POINT('',#5561);
#1624=VERTEX_POINT('',#5565);
#1625=VERTEX_POINT('',#5569);
#1626=VERTEX_POINT('',#5573);
#1627=VERTEX_POINT('',#5577);
#1628=VERTEX_POINT('',#5581);
#1629=VERTEX_POINT('',#5591);
#1630=VERTEX_POINT('',#5592);
#1631=VERTEX_POINT('',#5594);
#1632=VERTEX_POINT('',#5596);
#1633=VERTEX_POINT('',#5600);
#1634=VERTEX_POINT('',#5601);
#1635=VERTEX_POINT('',#5603);
#1636=VERTEX_POINT('',#5605);
#1637=VERTEX_POINT('',#5609);
#1638=VERTEX_POINT('',#5611);
#1639=VERTEX_POINT('',#5615);
#1640=VERTEX_POINT('',#5617);
#1641=VERTEX_POINT('',#5621);
#1642=VERTEX_POINT('',#5623);
#1643=VERTEX_POINT('',#5627);
#1644=VERTEX_POINT('',#5631);
#1645=VERTEX_POINT('',#5637);
#1646=VERTEX_POINT('',#5639);
#1647=VERTEX_POINT('',#5641);
#1648=VERTEX_POINT('',#5643);
#1649=VERTEX_POINT('',#5645);
#1650=VERTEX_POINT('',#5647);
#1651=VERTEX_POINT('',#5649);
#1652=VERTEX_POINT('',#5651);
#1653=VERTEX_POINT('',#5655);
#1654=VERTEX_POINT('',#5656);
#1655=VERTEX_POINT('',#5658);
#1656=VERTEX_POINT('',#5660);
#1657=VERTEX_POINT('',#5664);
#1658=VERTEX_POINT('',#5666);
#1659=VERTEX_POINT('',#5670);
#1660=VERTEX_POINT('',#5672);
#1661=VERTEX_POINT('',#5676);
#1662=VERTEX_POINT('',#5680);
#1663=VERTEX_POINT('',#5682);
#1664=VERTEX_POINT('',#5686);
#1665=VERTEX_POINT('',#5694);
#1666=VERTEX_POINT('',#5695);
#1667=VERTEX_POINT('',#5697);
#1668=VERTEX_POINT('',#5699);
#1669=VERTEX_POINT('',#5703);
#1670=VERTEX_POINT('',#5705);
#1671=VERTEX_POINT('',#5709);
#1672=VERTEX_POINT('',#5711);
#1673=VERTEX_POINT('',#5718);
#1674=VERTEX_POINT('',#5720);
#1675=VERTEX_POINT('',#5724);
#1676=VERTEX_POINT('',#5726);
#1677=VERTEX_POINT('',#5736);
#1678=VERTEX_POINT('',#5737);
#1679=VERTEX_POINT('',#5739);
#1680=VERTEX_POINT('',#5741);
#1681=VERTEX_POINT('',#5745);
#1682=VERTEX_POINT('',#5747);
#1683=VERTEX_POINT('',#5751);
#1684=VERTEX_POINT('',#5753);
#1685=VERTEX_POINT('',#5757);
#1686=VERTEX_POINT('',#5759);
#1687=VERTEX_POINT('',#5763);
#1688=VERTEX_POINT('',#5765);
#1689=VERTEX_POINT('',#5769);
#1690=VERTEX_POINT('',#5771);
#1691=VERTEX_POINT('',#5775);
#1692=VERTEX_POINT('',#5777);
#1693=VERTEX_POINT('',#5781);
#1694=VERTEX_POINT('',#5783);
#1695=VERTEX_POINT('',#5787);
#1696=VERTEX_POINT('',#5789);
#1697=VERTEX_POINT('',#5799);
#1698=VERTEX_POINT('',#5800);
#1699=VERTEX_POINT('',#5802);
#1700=VERTEX_POINT('',#5804);
#1701=VERTEX_POINT('',#5808);
#1702=VERTEX_POINT('',#5809);
#1703=VERTEX_POINT('',#5811);
#1704=VERTEX_POINT('',#5813);
#1705=VERTEX_POINT('',#5817);
#1706=VERTEX_POINT('',#5819);
#1707=VERTEX_POINT('',#5821);
#1708=VERTEX_POINT('',#5823);
#1709=VERTEX_POINT('',#5825);
#1710=VERTEX_POINT('',#5827);
#1711=VERTEX_POINT('',#5829);
#1712=VERTEX_POINT('',#5832);
#1713=VERTEX_POINT('',#5834);
#1714=VERTEX_POINT('',#5837);
#1715=VERTEX_POINT('',#5839);
#1716=VERTEX_POINT('',#5843);
#1717=VERTEX_POINT('',#5845);
#1718=VERTEX_POINT('',#5849);
#1719=VERTEX_POINT('',#5851);
#1720=VERTEX_POINT('',#5853);
#1721=VERTEX_POINT('',#5855);
#1722=VERTEX_POINT('',#5857);
#1723=VERTEX_POINT('',#5859);
#1724=VERTEX_POINT('',#5861);
#1725=VERTEX_POINT('',#5864);
#1726=VERTEX_POINT('',#5866);
#1727=VERTEX_POINT('',#5869);
#1728=VERTEX_POINT('',#5873);
#1729=VERTEX_POINT('',#5877);
#1730=VERTEX_POINT('',#5879);
#1731=VERTEX_POINT('',#5883);
#1732=VERTEX_POINT('',#5887);
#1733=VERTEX_POINT('',#5889);
#1734=VERTEX_POINT('',#5897);
#1735=VERTEX_POINT('',#5899);
#1736=VERTEX_POINT('',#5903);
#1737=VERTEX_POINT('',#5905);
#1738=VERTEX_POINT('',#5912);
#1739=VERTEX_POINT('',#5914);
#1740=VERTEX_POINT('',#5917);
#1741=VERTEX_POINT('',#5919);
#1742=VERTEX_POINT('',#5923);
#1743=VERTEX_POINT('',#5925);
#1744=VERTEX_POINT('',#5929);
#1745=VERTEX_POINT('',#5933);
#1746=VERTEX_POINT('',#5937);
#1747=VERTEX_POINT('',#5939);
#1748=VERTEX_POINT('',#5943);
#1749=EDGE_CURVE('',#1432,#1433,#686,.T.);
#1750=EDGE_CURVE('',#1432,#1434,#687,.T.);
#1751=EDGE_CURVE('',#1435,#1434,#688,.T.);
#1752=EDGE_CURVE('',#1436,#1435,#689,.T.);
#1753=EDGE_CURVE('',#1436,#1437,#690,.T.);
#1754=EDGE_CURVE('',#1437,#1438,#691,.T.);
#1755=EDGE_CURVE('',#1433,#1438,#692,.T.);
#1756=EDGE_CURVE('',#1438,#1439,#693,.T.);
#1757=EDGE_CURVE('',#1440,#1437,#694,.T.);
#1758=EDGE_CURVE('',#1439,#1440,#695,.T.);
#1759=EDGE_CURVE('',#1441,#1436,#696,.T.);
#1760=EDGE_CURVE('',#1441,#1440,#697,.T.);
#1761=EDGE_CURVE('',#1435,#1442,#698,.T.);
#1762=EDGE_CURVE('',#1434,#1443,#699,.T.);
#1763=EDGE_CURVE('',#1442,#1443,#700,.T.);
#1764=EDGE_CURVE('',#1444,#1432,#701,.T.);
#1765=EDGE_CURVE('',#1443,#1444,#702,.T.);
#1766=EDGE_CURVE('',#1439,#1445,#703,.T.);
#1767=EDGE_CURVE('',#1445,#1446,#704,.T.);
#1768=EDGE_CURVE('',#1447,#1446,#705,.T.);
#1769=EDGE_CURVE('',#1447,#1448,#706,.T.);
#1770=EDGE_CURVE('',#1448,#1449,#707,.T.);
#1771=EDGE_CURVE('',#1449,#1450,#708,.T.);
#1772=EDGE_CURVE('',#1433,#1450,#709,.T.);
#1773=EDGE_CURVE('',#1451,#1448,#710,.T.);
#1774=EDGE_CURVE('',#1452,#1451,#711,.T.);
#1775=EDGE_CURVE('',#1453,#1452,#712,.T.);
#1776=EDGE_CURVE('',#1449,#1453,#713,.T.);
#1777=EDGE_CURVE('',#1454,#1455,#714,.T.);
#1778=EDGE_CURVE('',#1454,#1453,#715,.T.);
#1779=EDGE_CURVE('',#1455,#1452,#716,.T.);
#1780=EDGE_CURVE('',#1450,#1456,#717,.T.);
#1781=EDGE_CURVE('',#1457,#1454,#718,.T.);
#1782=EDGE_CURVE('',#1457,#1458,#719,.T.);
#1783=EDGE_CURVE('',#1458,#1456,#720,.T.);
#1784=EDGE_CURVE('',#1459,#1457,#721,.T.);
#1785=EDGE_CURVE('',#1460,#1459,#722,.T.);
#1786=EDGE_CURVE('',#1460,#1458,#723,.T.);
#1787=EDGE_CURVE('',#1456,#1461,#724,.T.);
#1788=EDGE_CURVE('',#1462,#1460,#725,.T.);
#1789=EDGE_CURVE('',#1461,#1462,#726,.T.);
#1790=EDGE_CURVE('',#1447,#1451,#727,.T.);
#1791=EDGE_CURVE('',#1446,#1463,#728,.T.);
#1792=EDGE_CURVE('',#1463,#1464,#729,.T.);
#1793=EDGE_CURVE('',#1465,#1464,#730,.T.);
#1794=EDGE_CURVE('',#1466,#1465,#731,.T.);
#1795=EDGE_CURVE('',#1466,#1467,#732,.T.);
#1796=EDGE_CURVE('',#1455,#1467,#733,.T.);
#1797=EDGE_CURVE('',#1468,#1469,#734,.T.);
#1798=EDGE_CURVE('',#1469,#1470,#735,.T.);
#1799=EDGE_CURVE('',#1470,#1471,#736,.T.);
#1800=EDGE_CURVE('',#1471,#1468,#737,.T.);
#1801=EDGE_CURVE('',#1472,#1473,#738,.T.);
#1802=EDGE_CURVE('',#1473,#1474,#739,.T.);
#1803=EDGE_CURVE('',#1474,#1475,#740,.T.);
#1804=EDGE_CURVE('',#1475,#1472,#741,.T.);
#1805=EDGE_CURVE('',#1464,#1447,#742,.T.);
#1806=EDGE_CURVE('',#1476,#1464,#743,.T.);
#1807=EDGE_CURVE('',#1477,#1476,#744,.T.);
#1808=EDGE_CURVE('',#1478,#1477,#745,.T.);
#1809=EDGE_CURVE('',#1461,#1478,#746,.T.);
#1810=EDGE_CURVE('',#1469,#1462,#747,.T.);
#1811=EDGE_CURVE('',#1451,#1468,#748,.T.);
#1812=EDGE_CURVE('',#1479,#1479,#86,.T.);
#1813=EDGE_CURVE('',#1479,#1480,#749,.T.);
#1814=EDGE_CURVE('',#1480,#1480,#87,.T.);
#1815=EDGE_CURVE('',#1445,#1481,#750,.T.);
#1816=EDGE_CURVE('',#1481,#1463,#751,.T.);
#1817=EDGE_CURVE('',#1481,#1482,#752,.T.);
#1818=EDGE_CURVE('',#1482,#1476,#753,.T.);
#1819=EDGE_CURVE('',#1482,#1483,#754,.T.);
#1820=EDGE_CURVE('',#1483,#1484,#755,.T.);
#1821=EDGE_CURVE('',#1477,#1484,#756,.T.);
#1822=EDGE_CURVE('',#1483,#1485,#757,.T.);
#1823=EDGE_CURVE('',#1485,#1486,#758,.T.);
#1824=EDGE_CURVE('',#1484,#1486,#759,.T.);
#1825=EDGE_CURVE('',#1486,#1478,#760,.T.);
#1826=EDGE_CURVE('',#1485,#1444,#761,.T.);
#1827=EDGE_CURVE('',#1442,#1441,#762,.T.);
#1828=EDGE_CURVE('',#1472,#1487,#763,.T.);
#1829=EDGE_CURVE('',#1488,#1487,#764,.T.);
#1830=EDGE_CURVE('',#1488,#1473,#765,.T.);
#1831=EDGE_CURVE('',#1489,#1488,#766,.T.);
#1832=EDGE_CURVE('',#1489,#1474,#767,.T.);
#1833=EDGE_CURVE('',#1490,#1489,#768,.T.);
#1834=EDGE_CURVE('',#1490,#1475,#769,.T.);
#1835=EDGE_CURVE('',#1487,#1490,#770,.T.);
#1836=EDGE_CURVE('',#1491,#1492,#771,.T.);
#1837=EDGE_CURVE('',#1492,#1493,#772,.T.);
#1838=EDGE_CURVE('',#1493,#1494,#773,.T.);
#1839=EDGE_CURVE('',#1494,#1495,#774,.T.);
#1840=EDGE_CURVE('',#1495,#1466,#775,.T.);
#1841=EDGE_CURVE('',#1465,#1496,#776,.T.);
#1842=EDGE_CURVE('',#1496,#1491,#777,.T.);
#1843=EDGE_CURVE('',#1497,#1459,#778,.T.);
#1844=EDGE_CURVE('',#1493,#1497,#779,.T.);
#1845=EDGE_CURVE('',#1477,#1492,#780,.T.);
#1846=EDGE_CURVE('',#1462,#1478,#781,.T.);
#1847=EDGE_CURVE('',#1498,#1497,#782,.T.);
#1848=EDGE_CURVE('',#1494,#1498,#783,.T.);
#1849=EDGE_CURVE('',#1499,#1498,#784,.T.);
#1850=EDGE_CURVE('',#1495,#1499,#785,.T.);
#1851=EDGE_CURVE('',#1467,#1499,#786,.T.);
#1852=EDGE_CURVE('',#1496,#1471,#787,.T.);
#1853=EDGE_CURVE('',#1491,#1470,#788,.T.);
#1854=EDGE_CURVE('',#1500,#1501,#49,.T.);
#1855=EDGE_CURVE('',#1501,#1500,#50,.T.);
#1856=EDGE_CURVE('',#1501,#1502,#789,.T.);
#1857=EDGE_CURVE('',#1503,#1502,#51,.T.);
#1858=EDGE_CURVE('',#1504,#1503,#52,.T.);
#1859=EDGE_CURVE('',#1502,#1504,#53,.T.);
#1860=EDGE_CURVE('',#1505,#1505,#54,.T.);
#1861=EDGE_CURVE('',#1505,#1506,#790,.T.);
#1862=EDGE_CURVE('',#1507,#1506,#55,.T.);
#1863=EDGE_CURVE('',#1508,#1507,#56,.T.);
#1864=EDGE_CURVE('',#1506,#1508,#57,.T.);
#1865=EDGE_CURVE('',#1509,#1509,#88,.T.);
#1866=EDGE_CURVE('',#1509,#1510,#791,.T.);
#1867=EDGE_CURVE('',#1510,#1510,#89,.T.);
#1868=EDGE_CURVE('',#1511,#1511,#90,.T.);
#1869=EDGE_CURVE('',#1511,#1512,#792,.T.);
#1870=EDGE_CURVE('',#1512,#1512,#91,.T.);
#1871=EDGE_CURVE('',#1513,#1513,#92,.T.);
#1872=EDGE_CURVE('',#1513,#1514,#793,.T.);
#1873=EDGE_CURVE('',#1514,#1514,#93,.T.);
#1874=EDGE_CURVE('',#1515,#1515,#94,.T.);
#1875=EDGE_CURVE('',#1515,#1516,#794,.T.);
#1876=EDGE_CURVE('',#1516,#1516,#95,.T.);
#1877=EDGE_CURVE('',#1517,#1517,#96,.T.);
#1878=EDGE_CURVE('',#1517,#1518,#795,.T.);
#1879=EDGE_CURVE('',#1518,#1518,#97,.T.);
#1880=EDGE_CURVE('',#1519,#1519,#98,.T.);
#1881=EDGE_CURVE('',#1519,#1520,#796,.T.);
#1882=EDGE_CURVE('',#1520,#1520,#99,.T.);
#1883=EDGE_CURVE('',#1521,#1521,#100,.T.);
#1884=EDGE_CURVE('',#1521,#1522,#797,.T.);
#1885=EDGE_CURVE('',#1522,#1522,#101,.T.);
#1886=EDGE_CURVE('',#1523,#1523,#102,.T.);
#1887=EDGE_CURVE('',#1523,#1524,#798,.T.);
#1888=EDGE_CURVE('',#1524,#1524,#103,.T.);
#1889=EDGE_CURVE('',#1525,#1526,#799,.T.);
#1890=EDGE_CURVE('',#1526,#1527,#800,.T.);
#1891=EDGE_CURVE('',#1527,#1528,#801,.T.);
#1892=EDGE_CURVE('',#1528,#1525,#802,.T.);
#1893=EDGE_CURVE('',#1529,#1530,#803,.T.);
#1894=EDGE_CURVE('',#1530,#1531,#804,.T.);
#1895=EDGE_CURVE('',#1531,#1532,#805,.T.);
#1896=EDGE_CURVE('',#1532,#1529,#806,.T.);
#1897=EDGE_CURVE('',#1533,#1534,#807,.T.);
#1898=EDGE_CURVE('',#1533,#1525,#808,.T.);
#1899=EDGE_CURVE('',#1534,#1528,#809,.T.);
#1900=EDGE_CURVE('',#1534,#1535,#810,.T.);
#1901=EDGE_CURVE('',#1535,#1527,#811,.T.);
#1902=EDGE_CURVE('',#1535,#1536,#812,.T.);
#1903=EDGE_CURVE('',#1537,#1526,#813,.T.);
#1904=EDGE_CURVE('',#1538,#1537,#814,.T.);
#1905=EDGE_CURVE('',#1538,#1531,#815,.T.);
#1906=EDGE_CURVE('',#1536,#1530,#816,.T.);
#1907=EDGE_CURVE('',#1536,#1539,#817,.T.);
#1908=EDGE_CURVE('',#1539,#1529,#818,.T.);
#1909=EDGE_CURVE('',#1539,#1540,#819,.T.);
#1910=EDGE_CURVE('',#1540,#1532,#820,.T.);
#1911=EDGE_CURVE('',#1540,#1538,#821,.T.);
#1912=EDGE_CURVE('',#1537,#1533,#822,.T.);
#1913=EDGE_CURVE('',#1541,#1541,#104,.T.);
#1914=EDGE_CURVE('',#1541,#1542,#823,.T.);
#1915=EDGE_CURVE('',#1542,#1542,#105,.T.);
#1916=EDGE_CURVE('',#1543,#1543,#106,.T.);
#1917=EDGE_CURVE('',#1543,#1544,#824,.T.);
#1918=EDGE_CURVE('',#1544,#1544,#107,.T.);
#1919=EDGE_CURVE('',#1545,#1546,#39,.T.);
#1920=EDGE_CURVE('',#1547,#1545,#40,.T.);
#1921=EDGE_CURVE('',#1547,#1548,#825,.T.);
#1922=EDGE_CURVE('',#1549,#1548,#41,.T.);
#1923=EDGE_CURVE('',#1549,#1546,#826,.T.);
#1924=EDGE_CURVE('',#1550,#1551,#42,.T.);
#1925=EDGE_CURVE('',#1550,#1552,#827,.T.);
#1926=EDGE_CURVE('',#1552,#1553,#43,.T.);
#1927=EDGE_CURVE('',#1553,#1554,#828,.T.);
#1928=EDGE_CURVE('',#1551,#1554,#44,.T.);
#1929=EDGE_CURVE('',#1551,#1545,#829,.T.);
#1930=EDGE_CURVE('',#1554,#1547,#830,.T.);
#1931=EDGE_CURVE('',#1546,#1555,#831,.T.);
#1932=EDGE_CURVE('',#1555,#1556,#45,.T.);
#1933=EDGE_CURVE('',#1556,#1557,#832,.T.);
#1934=EDGE_CURVE('',#1558,#1557,#46,.T.);
#1935=EDGE_CURVE('',#1558,#1550,#833,.T.);
#1936=EDGE_CURVE('',#1555,#1559,#834,.T.);
#1937=EDGE_CURVE('',#1559,#1560,#47,.T.);
#1938=EDGE_CURVE('',#1560,#1556,#835,.T.);
#1939=EDGE_CURVE('',#1559,#1549,#836,.T.);
#1940=EDGE_CURVE('',#1548,#1560,#837,.T.);
#1941=EDGE_CURVE('',#1561,#1553,#838,.T.);
#1942=EDGE_CURVE('',#1552,#1562,#839,.T.);
#1943=EDGE_CURVE('',#1562,#1561,#48,.T.);
#1944=EDGE_CURVE('',#1557,#1561,#840,.T.);
#1945=EDGE_CURVE('',#1562,#1558,#841,.T.);
#1946=EDGE_CURVE('',#1563,#1553,#842,.T.);
#1947=EDGE_CURVE('',#1563,#1564,#843,.T.);
#1948=EDGE_CURVE('',#1564,#1554,#844,.T.);
#1949=EDGE_CURVE('',#1565,#1561,#845,.T.);
#1950=EDGE_CURVE('',#1566,#1565,#846,.T.);
#1951=EDGE_CURVE('',#1566,#1567,#847,.T.);
#1952=EDGE_CURVE('',#1567,#1563,#848,.T.);
#1953=EDGE_CURVE('',#1568,#1557,#849,.T.);
#1954=EDGE_CURVE('',#1569,#1568,#850,.T.);
#1955=EDGE_CURVE('',#1569,#1570,#108,.T.);
#1956=EDGE_CURVE('',#1565,#1570,#851,.T.);
#1957=EDGE_CURVE('',#1571,#1571,#109,.T.);
#1958=EDGE_CURVE('',#1572,#1572,#110,.T.);
#1959=EDGE_CURVE('',#1573,#1556,#852,.T.);
#1960=EDGE_CURVE('',#1568,#1573,#853,.T.);
#1961=EDGE_CURVE('',#1564,#1574,#854,.T.);
#1962=EDGE_CURVE('',#1574,#1547,#855,.T.);
#1963=EDGE_CURVE('',#1574,#1575,#856,.T.);
#1964=EDGE_CURVE('',#1548,#1575,#857,.T.);
#1965=EDGE_CURVE('',#1576,#1567,#858,.T.);
#1966=EDGE_CURVE('',#1577,#1576,#859,.T.);
#1967=EDGE_CURVE('',#1578,#1577,#860,.T.);
#1968=EDGE_CURVE('',#1575,#1578,#861,.T.);
#1969=EDGE_CURVE('',#1579,#1578,#862,.T.);
#1970=EDGE_CURVE('',#1579,#1580,#863,.T.);
#1971=EDGE_CURVE('',#1580,#1560,#864,.T.);
#1972=EDGE_CURVE('',#1581,#1577,#865,.T.);
#1973=EDGE_CURVE('',#1581,#1582,#866,.T.);
#1974=EDGE_CURVE('',#1583,#1582,#111,.T.);
#1975=EDGE_CURVE('',#1583,#1579,#867,.T.);
#1976=EDGE_CURVE('',#1584,#1576,#868,.T.);
#1977=EDGE_CURVE('',#1581,#1584,#869,.T.);
#1978=EDGE_CURVE('',#1585,#1585,#112,.T.);
#1979=EDGE_CURVE('',#1585,#1586,#870,.T.);
#1980=EDGE_CURVE('',#1586,#1586,#113,.T.);
#1981=EDGE_CURVE('',#1587,#1587,#114,.T.);
#1982=EDGE_CURVE('',#1587,#1588,#871,.T.);
#1983=EDGE_CURVE('',#1588,#1588,#115,.T.);
#1984=EDGE_CURVE('',#1589,#1583,#872,.T.);
#1985=EDGE_CURVE('',#1582,#1590,#873,.T.);
#1986=EDGE_CURVE('',#1590,#1589,#116,.T.);
#1987=EDGE_CURVE('',#1590,#1591,#874,.T.);
#1988=EDGE_CURVE('',#1591,#1592,#117,.T.);
#1989=EDGE_CURVE('',#1592,#1589,#875,.T.);
#1990=EDGE_CURVE('',#1593,#1592,#876,.T.);
#1991=EDGE_CURVE('',#1591,#1594,#877,.T.);
#1992=EDGE_CURVE('',#1594,#1593,#118,.T.);
#1993=EDGE_CURVE('',#1580,#1593,#878,.T.);
#1994=EDGE_CURVE('',#1573,#1594,#879,.T.);
#1995=EDGE_CURVE('',#1572,#1595,#880,.T.);
#1996=EDGE_CURVE('',#1595,#1595,#119,.T.);
#1997=EDGE_CURVE('',#1571,#1596,#881,.T.);
#1998=EDGE_CURVE('',#1596,#1596,#120,.T.);
#1999=EDGE_CURVE('',#1597,#1598,#882,.T.);
#2000=EDGE_CURVE('',#1599,#1597,#121,.T.);
#2001=EDGE_CURVE('',#1600,#1599,#883,.T.);
#2002=EDGE_CURVE('',#1598,#1600,#122,.T.);
#2003=EDGE_CURVE('',#1598,#1566,#884,.T.);
#2004=EDGE_CURVE('',#1584,#1600,#885,.T.);
#2005=EDGE_CURVE('',#1599,#1601,#886,.T.);
#2006=EDGE_CURVE('',#1601,#1569,#887,.T.);
#2007=EDGE_CURVE('',#1602,#1597,#888,.T.);
#2008=EDGE_CURVE('',#1601,#1602,#123,.T.);
#2009=EDGE_CURVE('',#1570,#1602,#889,.T.);
#2010=EDGE_CURVE('',#1603,#1604,#124,.T.);
#2011=EDGE_CURVE('',#1604,#1605,#890,.T.);
#2012=EDGE_CURVE('',#1605,#1606,#125,.T.);
#2013=EDGE_CURVE('',#1606,#1603,#891,.T.);
#2014=EDGE_CURVE('',#1607,#1604,#892,.T.);
#2015=EDGE_CURVE('',#1608,#1607,#893,.T.);
#2016=EDGE_CURVE('',#1608,#1605,#894,.T.);
#2017=EDGE_CURVE('',#1603,#1609,#895,.T.);
#2018=EDGE_CURVE('',#1610,#1609,#126,.T.);
#2019=EDGE_CURVE('',#1610,#1611,#896,.T.);
#2020=EDGE_CURVE('',#1612,#1611,#127,.T.);
#2021=EDGE_CURVE('',#1612,#1613,#897,.T.);
#2022=EDGE_CURVE('',#1607,#1613,#128,.T.);
#2023=EDGE_CURVE('',#1614,#1614,#129,.T.);
#2024=EDGE_CURVE('',#1615,#1615,#130,.T.);
#2025=EDGE_CURVE('',#1616,#1616,#131,.T.);
#2026=EDGE_CURVE('',#1617,#1617,#132,.T.);
#2027=EDGE_CURVE('',#1618,#1618,#133,.T.);
#2028=EDGE_CURVE('',#1609,#1619,#898,.T.);
#2029=EDGE_CURVE('',#1619,#1620,#134,.T.);
#2030=EDGE_CURVE('',#1620,#1610,#899,.T.);
#2031=EDGE_CURVE('',#1620,#1621,#900,.T.);
#2032=EDGE_CURVE('',#1611,#1621,#901,.T.);
#2033=EDGE_CURVE('',#1621,#1622,#135,.T.);
#2034=EDGE_CURVE('',#1622,#1612,#902,.T.);
#2035=EDGE_CURVE('',#1613,#1623,#903,.T.);
#2036=EDGE_CURVE('',#1623,#1608,#136,.T.);
#2037=EDGE_CURVE('',#1614,#1624,#904,.T.);
#2038=EDGE_CURVE('',#1624,#1624,#137,.T.);
#2039=EDGE_CURVE('',#1615,#1625,#905,.T.);
#2040=EDGE_CURVE('',#1625,#1625,#138,.T.);
#2041=EDGE_CURVE('',#1616,#1626,#906,.T.);
#2042=EDGE_CURVE('',#1626,#1626,#139,.T.);
#2043=EDGE_CURVE('',#1617,#1627,#907,.T.);
#2044=EDGE_CURVE('',#1627,#1627,#140,.T.);
#2045=EDGE_CURVE('',#1618,#1628,#908,.T.);
#2046=EDGE_CURVE('',#1628,#1628,#141,.T.);
#2047=EDGE_CURVE('',#1622,#1623,#909,.T.);
#2048=EDGE_CURVE('',#1606,#1619,#910,.T.);
#2049=EDGE_CURVE('',#1629,#1630,#911,.T.);
#2050=EDGE_CURVE('',#1629,#1631,#912,.T.);
#2051=EDGE_CURVE('',#1632,#1631,#913,.T.);
#2052=EDGE_CURVE('',#1630,#1632,#914,.T.);
#2053=EDGE_CURVE('',#1633,#1634,#915,.T.);
#2054=EDGE_CURVE('',#1635,#1633,#916,.T.);
#2055=EDGE_CURVE('',#1635,#1636,#917,.T.);
#2056=EDGE_CURVE('',#1636,#1634,#918,.T.);
#2057=EDGE_CURVE('',#1637,#1629,#919,.T.);
#2058=EDGE_CURVE('',#1638,#1637,#920,.T.);
#2059=EDGE_CURVE('',#1631,#1638,#921,.T.);
#2060=EDGE_CURVE('',#1634,#1639,#922,.T.);
#2061=EDGE_CURVE('',#1640,#1636,#923,.T.);
#2062=EDGE_CURVE('',#1639,#1640,#924,.T.);
#2063=EDGE_CURVE('',#1641,#1637,#925,.T.);
#2064=EDGE_CURVE('',#1642,#1641,#926,.T.);
#2065=EDGE_CURVE('',#1642,#1638,#927,.T.);
#2066=EDGE_CURVE('',#1643,#1635,#928,.T.);
#2067=EDGE_CURVE('',#1643,#1640,#929,.T.);
#2068=EDGE_CURVE('',#1639,#1644,#930,.T.);
#2069=EDGE_CURVE('',#1644,#1643,#931,.T.);
#2070=EDGE_CURVE('',#1632,#1642,#932,.T.);
#2071=EDGE_CURVE('',#1645,#1644,#933,.T.);
#2072=EDGE_CURVE('',#1645,#1646,#934,.T.);
#2073=EDGE_CURVE('',#1646,#1647,#935,.T.);
#2074=EDGE_CURVE('',#1648,#1647,#936,.T.);
#2075=EDGE_CURVE('',#1649,#1648,#937,.T.);
#2076=EDGE_CURVE('',#1649,#1650,#938,.T.);
#2077=EDGE_CURVE('',#1650,#1651,#939,.T.);
#2078=EDGE_CURVE('',#1651,#1652,#940,.T.);
#2079=EDGE_CURVE('',#1633,#1652,#941,.T.);
#2080=EDGE_CURVE('',#1653,#1654,#942,.T.);
#2081=EDGE_CURVE('',#1653,#1655,#943,.T.);
#2082=EDGE_CURVE('',#1656,#1655,#944,.T.);
#2083=EDGE_CURVE('',#1654,#1656,#945,.T.);
#2084=EDGE_CURVE('',#1657,#1649,#946,.T.);
#2085=EDGE_CURVE('',#1657,#1658,#947,.T.);
#2086=EDGE_CURVE('',#1658,#1650,#948,.T.);
#2087=EDGE_CURVE('',#1659,#1653,#949,.T.);
#2088=EDGE_CURVE('',#1660,#1659,#950,.T.);
#2089=EDGE_CURVE('',#1655,#1660,#951,.T.);
#2090=EDGE_CURVE('',#1661,#1658,#952,.T.);
#2091=EDGE_CURVE('',#1651,#1661,#953,.T.);
#2092=EDGE_CURVE('',#1662,#1659,#954,.T.);
#2093=EDGE_CURVE('',#1663,#1662,#955,.T.);
#2094=EDGE_CURVE('',#1663,#1660,#956,.T.);
#2095=EDGE_CURVE('',#1664,#1657,#957,.T.);
#2096=EDGE_CURVE('',#1664,#1661,#958,.T.);
#2097=EDGE_CURVE('',#1652,#1664,#959,.T.);
#2098=EDGE_CURVE('',#1656,#1663,#960,.T.);
#2099=EDGE_CURVE('',#1665,#1666,#961,.T.);
#2100=EDGE_CURVE('',#1667,#1665,#962,.T.);
#2101=EDGE_CURVE('',#1668,#1667,#963,.T.);
#2102=EDGE_CURVE('',#1668,#1666,#964,.T.);
#2103=EDGE_CURVE('',#1666,#1669,#965,.T.);
#2104=EDGE_CURVE('',#1670,#1668,#966,.T.);
#2105=EDGE_CURVE('',#1670,#1669,#967,.T.);
#2106=EDGE_CURVE('',#1669,#1671,#968,.T.);
#2107=EDGE_CURVE('',#1672,#1670,#969,.T.);
#2108=EDGE_CURVE('',#1672,#1671,#970,.T.);
#2109=EDGE_CURVE('',#1671,#1665,#971,.T.);
#2110=EDGE_CURVE('',#1667,#1672,#972,.T.);
#2111=EDGE_CURVE('',#1648,#1673,#973,.T.);
#2112=EDGE_CURVE('',#1647,#1674,#974,.T.);
#2113=EDGE_CURVE('',#1673,#1674,#975,.T.);
#2114=EDGE_CURVE('',#1675,#1645,#976,.T.);
#2115=EDGE_CURVE('',#1675,#1676,#977,.T.);
#2116=EDGE_CURVE('',#1676,#1646,#978,.T.);
#2117=EDGE_CURVE('',#1662,#1630,#979,.T.);
#2118=EDGE_CURVE('',#1673,#1654,#980,.T.);
#2119=EDGE_CURVE('',#1674,#1676,#981,.T.);
#2120=EDGE_CURVE('',#1641,#1675,#982,.T.);
#2121=EDGE_CURVE('',#1677,#1678,#142,.T.);
#2122=EDGE_CURVE('',#1677,#1679,#983,.T.);
#2123=EDGE_CURVE('',#1679,#1680,#143,.T.);
#2124=EDGE_CURVE('',#1678,#1680,#984,.T.);
#2125=EDGE_CURVE('',#1681,#1677,#985,.T.);
#2126=EDGE_CURVE('',#1681,#1682,#986,.T.);
#2127=EDGE_CURVE('',#1682,#1679,#987,.T.);
#2128=EDGE_CURVE('',#1683,#1681,#988,.T.);
#2129=EDGE_CURVE('',#1683,#1684,#989,.T.);
#2130=EDGE_CURVE('',#1684,#1682,#990,.T.);
#2131=EDGE_CURVE('',#1685,#1683,#991,.T.);
#2132=EDGE_CURVE('',#1685,#1686,#992,.T.);
#2133=EDGE_CURVE('',#1686,#1684,#993,.T.);
#2134=EDGE_CURVE('',#1687,#1685,#144,.T.);
#2135=EDGE_CURVE('',#1687,#1688,#994,.T.);
#2136=EDGE_CURVE('',#1688,#1686,#145,.T.);
#2137=EDGE_CURVE('',#1689,#1678,#146,.T.);
#2138=EDGE_CURVE('',#1690,#1680,#147,.T.);
#2139=EDGE_CURVE('',#1689,#1690,#995,.T.);
#2140=EDGE_CURVE('',#1691,#1689,#996,.T.);
#2141=EDGE_CURVE('',#1692,#1690,#997,.T.);
#2142=EDGE_CURVE('',#1691,#1692,#998,.T.);
#2143=EDGE_CURVE('',#1693,#1691,#999,.T.);
#2144=EDGE_CURVE('',#1694,#1692,#1000,.T.);
#2145=EDGE_CURVE('',#1693,#1694,#1001,.T.);
#2146=EDGE_CURVE('',#1695,#1693,#1002,.T.);
#2147=EDGE_CURVE('',#1696,#1694,#1003,.T.);
#2148=EDGE_CURVE('',#1695,#1696,#1004,.T.);
#2149=EDGE_CURVE('',#1687,#1695,#148,.T.);
#2150=EDGE_CURVE('',#1688,#1696,#149,.T.);
#2151=EDGE_CURVE('',#1697,#1698,#1005,.T.);
#2152=EDGE_CURVE('',#1697,#1699,#1006,.T.);
#2153=EDGE_CURVE('',#1700,#1699,#1007,.T.);
#2154=EDGE_CURVE('',#1698,#1700,#1008,.T.);
#2155=EDGE_CURVE('',#1701,#1702,#1009,.T.);
#2156=EDGE_CURVE('',#1701,#1703,#1010,.T.);
#2157=EDGE_CURVE('',#1704,#1703,#1011,.T.);
#2158=EDGE_CURVE('',#1702,#1704,#1012,.T.);
#2159=EDGE_CURVE('',#1703,#1705,#1013,.T.);
#2160=EDGE_CURVE('',#1705,#1706,#1014,.T.);
#2161=EDGE_CURVE('',#1706,#1707,#150,.T.);
#2162=EDGE_CURVE('',#1707,#1708,#151,.T.);
#2163=EDGE_CURVE('',#1708,#1709,#1015,.T.);
#2164=EDGE_CURVE('',#1709,#1710,#1016,.T.);
#2165=EDGE_CURVE('',#1711,#1710,#1017,.T.);
#2166=EDGE_CURVE('',#1711,#1704,#1018,.T.);
#2167=EDGE_CURVE('',#1712,#1712,#152,.T.);
#2168=EDGE_CURVE('',#1713,#1713,#153,.T.);
#2169=EDGE_CURVE('',#1699,#1714,#1019,.T.);
#2170=EDGE_CURVE('',#1714,#1715,#1020,.T.);
#2171=EDGE_CURVE('',#1715,#1700,#1021,.T.);
#2172=EDGE_CURVE('',#1716,#1698,#1022,.T.);
#2173=EDGE_CURVE('',#1717,#1716,#1023,.T.);
#2174=EDGE_CURVE('',#1697,#1717,#1024,.T.);
#2175=EDGE_CURVE('',#1718,#1702,#1025,.T.);
#2176=EDGE_CURVE('',#1718,#1719,#1026,.T.);
#2177=EDGE_CURVE('',#1720,#1719,#1027,.T.);
#2178=EDGE_CURVE('',#1721,#1720,#1028,.T.);
#2179=EDGE_CURVE('',#1722,#1721,#154,.T.);
#2180=EDGE_CURVE('',#1723,#1722,#155,.T.);
#2181=EDGE_CURVE('',#1724,#1723,#1029,.T.);
#2182=EDGE_CURVE('',#1701,#1724,#1030,.T.);
#2183=EDGE_CURVE('',#1725,#1725,#156,.T.);
#2184=EDGE_CURVE('',#1726,#1726,#157,.T.);
#2185=EDGE_CURVE('',#1712,#1727,#1031,.T.);
#2186=EDGE_CURVE('',#1727,#1727,#158,.T.);
#2187=EDGE_CURVE('',#1713,#1728,#1032,.T.);
#2188=EDGE_CURVE('',#1728,#1728,#159,.T.);
#2189=EDGE_CURVE('',#1729,#1707,#1033,.T.);
#2190=EDGE_CURVE('',#1706,#1730,#1034,.T.);
#2191=EDGE_CURVE('',#1730,#1729,#160,.T.);
#2192=EDGE_CURVE('',#1729,#1731,#161,.T.);
#2193=EDGE_CURVE('',#1708,#1731,#1035,.T.);
#2194=EDGE_CURVE('',#1732,#1730,#1036,.T.);
#2195=EDGE_CURVE('',#1732,#1733,#1037,.T.);
#2196=EDGE_CURVE('',#1731,#1733,#1038,.T.);
#2197=EDGE_CURVE('',#1705,#1732,#1039,.T.);
#2198=EDGE_CURVE('',#1733,#1709,#1040,.T.);
#2199=EDGE_CURVE('',#1734,#1714,#162,.T.);
#2200=EDGE_CURVE('',#1734,#1735,#1041,.T.);
#2201=EDGE_CURVE('',#1735,#1715,#163,.T.);
#2202=EDGE_CURVE('',#1734,#1736,#1042,.T.);
#2203=EDGE_CURVE('',#1736,#1737,#1043,.T.);
#2204=EDGE_CURVE('',#1737,#1735,#1044,.T.);
#2205=EDGE_CURVE('',#1711,#1736,#164,.T.);
#2206=EDGE_CURVE('',#1710,#1737,#165,.T.);
#2207=EDGE_CURVE('',#1724,#1738,#1045,.T.);
#2208=EDGE_CURVE('',#1738,#1739,#1046,.T.);
#2209=EDGE_CURVE('',#1739,#1720,#1047,.T.);
#2210=EDGE_CURVE('',#1719,#1740,#166,.T.);
#2211=EDGE_CURVE('',#1740,#1741,#1048,.T.);
#2212=EDGE_CURVE('',#1741,#1716,#167,.T.);
#2213=EDGE_CURVE('',#1742,#1717,#168,.T.);
#2214=EDGE_CURVE('',#1742,#1743,#1049,.T.);
#2215=EDGE_CURVE('',#1718,#1743,#169,.T.);
#2216=EDGE_CURVE('',#1726,#1744,#1050,.T.);
#2217=EDGE_CURVE('',#1744,#1744,#170,.T.);
#2218=EDGE_CURVE('',#1725,#1745,#1051,.T.);
#2219=EDGE_CURVE('',#1745,#1745,#171,.T.);
#2220=EDGE_CURVE('',#1746,#1722,#1052,.T.);
#2221=EDGE_CURVE('',#1747,#1746,#172,.T.);
#2222=EDGE_CURVE('',#1723,#1747,#1053,.T.);
#2223=EDGE_CURVE('',#1721,#1748,#1054,.T.);
#2224=EDGE_CURVE('',#1746,#1748,#173,.T.);
#2225=EDGE_CURVE('',#1748,#1739,#1055,.T.);
#2226=EDGE_CURVE('',#1738,#1747,#1056,.T.);
#2227=EDGE_CURVE('',#1742,#1741,#1057,.T.);
#2228=EDGE_CURVE('',#1743,#1740,#1058,.T.);
#2229=ORIENTED_EDGE('',*,*,#1749,.F.);
#2230=ORIENTED_EDGE('',*,*,#1750,.T.);
#2231=ORIENTED_EDGE('',*,*,#1751,.F.);
#2232=ORIENTED_EDGE('',*,*,#1752,.F.);
#2233=ORIENTED_EDGE('',*,*,#1753,.T.);
#2234=ORIENTED_EDGE('',*,*,#1754,.T.);
#2235=ORIENTED_EDGE('',*,*,#1755,.F.);
#2236=ORIENTED_EDGE('',*,*,#1756,.F.);
#2237=ORIENTED_EDGE('',*,*,#1754,.F.);
#2238=ORIENTED_EDGE('',*,*,#1757,.F.);
#2239=ORIENTED_EDGE('',*,*,#1758,.F.);
#2240=ORIENTED_EDGE('',*,*,#1759,.F.);
#2241=ORIENTED_EDGE('',*,*,#1760,.T.);
#2242=ORIENTED_EDGE('',*,*,#1757,.T.);
#2243=ORIENTED_EDGE('',*,*,#1753,.F.);
#2244=ORIENTED_EDGE('',*,*,#1761,.F.);
#2245=ORIENTED_EDGE('',*,*,#1751,.T.);
#2246=ORIENTED_EDGE('',*,*,#1762,.T.);
#2247=ORIENTED_EDGE('',*,*,#1763,.F.);
#2248=ORIENTED_EDGE('',*,*,#1764,.F.);
#2249=ORIENTED_EDGE('',*,*,#1765,.F.);
#2250=ORIENTED_EDGE('',*,*,#1762,.F.);
#2251=ORIENTED_EDGE('',*,*,#1750,.F.);
#2252=ORIENTED_EDGE('',*,*,#1755,.T.);
#2253=ORIENTED_EDGE('',*,*,#1756,.T.);
#2254=ORIENTED_EDGE('',*,*,#1766,.T.);
#2255=ORIENTED_EDGE('',*,*,#1767,.T.);
#2256=ORIENTED_EDGE('',*,*,#1768,.F.);
#2257=ORIENTED_EDGE('',*,*,#1769,.T.);
#2258=ORIENTED_EDGE('',*,*,#1770,.T.);
#2259=ORIENTED_EDGE('',*,*,#1771,.T.);
#2260=ORIENTED_EDGE('',*,*,#1772,.F.);
#2261=ORIENTED_EDGE('',*,*,#1770,.F.);
#2262=ORIENTED_EDGE('',*,*,#1773,.F.);
#2263=ORIENTED_EDGE('',*,*,#1774,.F.);
#2264=ORIENTED_EDGE('',*,*,#1775,.F.);
#2265=ORIENTED_EDGE('',*,*,#1776,.F.);
#2266=ORIENTED_EDGE('',*,*,#1777,.F.);
#2267=ORIENTED_EDGE('',*,*,#1778,.T.);
#2268=ORIENTED_EDGE('',*,*,#1775,.T.);
#2269=ORIENTED_EDGE('',*,*,#1779,.F.);
#2270=ORIENTED_EDGE('',*,*,#1780,.F.);
#2271=ORIENTED_EDGE('',*,*,#1771,.F.);
#2272=ORIENTED_EDGE('',*,*,#1776,.T.);
#2273=ORIENTED_EDGE('',*,*,#1778,.F.);
#2274=ORIENTED_EDGE('',*,*,#1781,.F.);
#2275=ORIENTED_EDGE('',*,*,#1782,.T.);
#2276=ORIENTED_EDGE('',*,*,#1783,.T.);
#2277=ORIENTED_EDGE('',*,*,#1784,.F.);
#2278=ORIENTED_EDGE('',*,*,#1785,.F.);
#2279=ORIENTED_EDGE('',*,*,#1786,.T.);
#2280=ORIENTED_EDGE('',*,*,#1782,.F.);
#2281=ORIENTED_EDGE('',*,*,#1787,.F.);
#2282=ORIENTED_EDGE('',*,*,#1783,.F.);
#2283=ORIENTED_EDGE('',*,*,#1786,.F.);
#2284=ORIENTED_EDGE('',*,*,#1788,.F.);
#2285=ORIENTED_EDGE('',*,*,#1789,.F.);
#2286=ORIENTED_EDGE('',*,*,#1779,.T.);
#2287=ORIENTED_EDGE('',*,*,#1774,.T.);
#2288=ORIENTED_EDGE('',*,*,#1790,.F.);
#2289=ORIENTED_EDGE('',*,*,#1768,.T.);
#2290=ORIENTED_EDGE('',*,*,#1791,.T.);
#2291=ORIENTED_EDGE('',*,*,#1792,.T.);
#2292=ORIENTED_EDGE('',*,*,#1793,.F.);
#2293=ORIENTED_EDGE('',*,*,#1794,.F.);
#2294=ORIENTED_EDGE('',*,*,#1795,.T.);
#2295=ORIENTED_EDGE('',*,*,#1796,.F.);
#2296=ORIENTED_EDGE('',*,*,#1797,.T.);
#2297=ORIENTED_EDGE('',*,*,#1798,.T.);
#2298=ORIENTED_EDGE('',*,*,#1799,.T.);
#2299=ORIENTED_EDGE('',*,*,#1800,.T.);
#2300=ORIENTED_EDGE('',*,*,#1801,.T.);
#2301=ORIENTED_EDGE('',*,*,#1802,.T.);
#2302=ORIENTED_EDGE('',*,*,#1803,.T.);
#2303=ORIENTED_EDGE('',*,*,#1804,.T.);
#2304=ORIENTED_EDGE('',*,*,#1769,.F.);
#2305=ORIENTED_EDGE('',*,*,#1805,.F.);
#2306=ORIENTED_EDGE('',*,*,#1806,.F.);
#2307=ORIENTED_EDGE('',*,*,#1807,.F.);
#2308=ORIENTED_EDGE('',*,*,#1808,.F.);
#2309=ORIENTED_EDGE('',*,*,#1809,.F.);
#2310=ORIENTED_EDGE('',*,*,#1789,.T.);
#2311=ORIENTED_EDGE('',*,*,#1810,.F.);
#2312=ORIENTED_EDGE('',*,*,#1797,.F.);
#2313=ORIENTED_EDGE('',*,*,#1811,.F.);
#2314=ORIENTED_EDGE('',*,*,#1773,.T.);
#2315=ORIENTED_EDGE('',*,*,#1812,.F.);
#2316=ORIENTED_EDGE('',*,*,#1813,.T.);
#2317=ORIENTED_EDGE('',*,*,#1814,.F.);
#2318=ORIENTED_EDGE('',*,*,#1813,.F.);
#2319=ORIENTED_EDGE('',*,*,#1815,.T.);
#2320=ORIENTED_EDGE('',*,*,#1816,.T.);
#2321=ORIENTED_EDGE('',*,*,#1791,.F.);
#2322=ORIENTED_EDGE('',*,*,#1767,.F.);
#2323=ORIENTED_EDGE('',*,*,#1817,.T.);
#2324=ORIENTED_EDGE('',*,*,#1818,.T.);
#2325=ORIENTED_EDGE('',*,*,#1806,.T.);
#2326=ORIENTED_EDGE('',*,*,#1792,.F.);
#2327=ORIENTED_EDGE('',*,*,#1816,.F.);
#2328=ORIENTED_EDGE('',*,*,#1819,.T.);
#2329=ORIENTED_EDGE('',*,*,#1820,.T.);
#2330=ORIENTED_EDGE('',*,*,#1821,.F.);
#2331=ORIENTED_EDGE('',*,*,#1807,.T.);
#2332=ORIENTED_EDGE('',*,*,#1818,.F.);
#2333=ORIENTED_EDGE('',*,*,#1822,.T.);
#2334=ORIENTED_EDGE('',*,*,#1823,.T.);
#2335=ORIENTED_EDGE('',*,*,#1824,.F.);
#2336=ORIENTED_EDGE('',*,*,#1820,.F.);
#2337=ORIENTED_EDGE('',*,*,#1749,.T.);
#2338=ORIENTED_EDGE('',*,*,#1772,.T.);
#2339=ORIENTED_EDGE('',*,*,#1780,.T.);
#2340=ORIENTED_EDGE('',*,*,#1787,.T.);
#2341=ORIENTED_EDGE('',*,*,#1809,.T.);
#2342=ORIENTED_EDGE('',*,*,#1825,.F.);
#2343=ORIENTED_EDGE('',*,*,#1823,.F.);
#2344=ORIENTED_EDGE('',*,*,#1826,.T.);
#2345=ORIENTED_EDGE('',*,*,#1764,.T.);
#2346=ORIENTED_EDGE('',*,*,#1826,.F.);
#2347=ORIENTED_EDGE('',*,*,#1822,.F.);
#2348=ORIENTED_EDGE('',*,*,#1819,.F.);
#2349=ORIENTED_EDGE('',*,*,#1817,.F.);
#2350=ORIENTED_EDGE('',*,*,#1815,.F.);
#2351=ORIENTED_EDGE('',*,*,#1766,.F.);
#2352=ORIENTED_EDGE('',*,*,#1758,.T.);
#2353=ORIENTED_EDGE('',*,*,#1760,.F.);
#2354=ORIENTED_EDGE('',*,*,#1827,.F.);
#2355=ORIENTED_EDGE('',*,*,#1763,.T.);
#2356=ORIENTED_EDGE('',*,*,#1765,.T.);
#2357=ORIENTED_EDGE('',*,*,#1814,.T.);
#2358=ORIENTED_EDGE('',*,*,#1828,.T.);
#2359=ORIENTED_EDGE('',*,*,#1829,.F.);
#2360=ORIENTED_EDGE('',*,*,#1830,.T.);
#2361=ORIENTED_EDGE('',*,*,#1801,.F.);
#2362=ORIENTED_EDGE('',*,*,#1830,.F.);
#2363=ORIENTED_EDGE('',*,*,#1831,.F.);
#2364=ORIENTED_EDGE('',*,*,#1832,.T.);
#2365=ORIENTED_EDGE('',*,*,#1802,.F.);
#2366=ORIENTED_EDGE('',*,*,#1832,.F.);
#2367=ORIENTED_EDGE('',*,*,#1833,.F.);
#2368=ORIENTED_EDGE('',*,*,#1834,.T.);
#2369=ORIENTED_EDGE('',*,*,#1803,.F.);
#2370=ORIENTED_EDGE('',*,*,#1834,.F.);
#2371=ORIENTED_EDGE('',*,*,#1835,.F.);
#2372=ORIENTED_EDGE('',*,*,#1828,.F.);
#2373=ORIENTED_EDGE('',*,*,#1804,.F.);
#2374=ORIENTED_EDGE('',*,*,#1836,.T.);
#2375=ORIENTED_EDGE('',*,*,#1837,.T.);
#2376=ORIENTED_EDGE('',*,*,#1838,.T.);
#2377=ORIENTED_EDGE('',*,*,#1839,.T.);
#2378=ORIENTED_EDGE('',*,*,#1840,.T.);
#2379=ORIENTED_EDGE('',*,*,#1794,.T.);
#2380=ORIENTED_EDGE('',*,*,#1841,.T.);
#2381=ORIENTED_EDGE('',*,*,#1842,.T.);
#2382=ORIENTED_EDGE('',*,*,#1829,.T.);
#2383=ORIENTED_EDGE('',*,*,#1835,.T.);
#2384=ORIENTED_EDGE('',*,*,#1833,.T.);
#2385=ORIENTED_EDGE('',*,*,#1831,.T.);
#2386=ORIENTED_EDGE('',*,*,#1785,.T.);
#2387=ORIENTED_EDGE('',*,*,#1843,.F.);
#2388=ORIENTED_EDGE('',*,*,#1844,.F.);
#2389=ORIENTED_EDGE('',*,*,#1837,.F.);
#2390=ORIENTED_EDGE('',*,*,#1845,.F.);
#2391=ORIENTED_EDGE('',*,*,#1821,.T.);
#2392=ORIENTED_EDGE('',*,*,#1824,.T.);
#2393=ORIENTED_EDGE('',*,*,#1825,.T.);
#2394=ORIENTED_EDGE('',*,*,#1846,.F.);
#2395=ORIENTED_EDGE('',*,*,#1788,.T.);
#2396=ORIENTED_EDGE('',*,*,#1844,.T.);
#2397=ORIENTED_EDGE('',*,*,#1847,.F.);
#2398=ORIENTED_EDGE('',*,*,#1848,.F.);
#2399=ORIENTED_EDGE('',*,*,#1838,.F.);
#2400=ORIENTED_EDGE('',*,*,#1848,.T.);
#2401=ORIENTED_EDGE('',*,*,#1849,.F.);
#2402=ORIENTED_EDGE('',*,*,#1850,.F.);
#2403=ORIENTED_EDGE('',*,*,#1839,.F.);
#2404=ORIENTED_EDGE('',*,*,#1812,.T.);
#2405=ORIENTED_EDGE('',*,*,#1850,.T.);
#2406=ORIENTED_EDGE('',*,*,#1851,.F.);
#2407=ORIENTED_EDGE('',*,*,#1795,.F.);
#2408=ORIENTED_EDGE('',*,*,#1840,.F.);
#2409=ORIENTED_EDGE('',*,*,#1793,.T.);
#2410=ORIENTED_EDGE('',*,*,#1805,.T.);
#2411=ORIENTED_EDGE('',*,*,#1790,.T.);
#2412=ORIENTED_EDGE('',*,*,#1811,.T.);
#2413=ORIENTED_EDGE('',*,*,#1800,.F.);
#2414=ORIENTED_EDGE('',*,*,#1852,.F.);
#2415=ORIENTED_EDGE('',*,*,#1841,.F.);
#2416=ORIENTED_EDGE('',*,*,#1852,.T.);
#2417=ORIENTED_EDGE('',*,*,#1799,.F.);
#2418=ORIENTED_EDGE('',*,*,#1853,.F.);
#2419=ORIENTED_EDGE('',*,*,#1842,.F.);
#2420=ORIENTED_EDGE('',*,*,#1853,.T.);
#2421=ORIENTED_EDGE('',*,*,#1798,.F.);
#2422=ORIENTED_EDGE('',*,*,#1810,.T.);
#2423=ORIENTED_EDGE('',*,*,#1846,.T.);
#2424=ORIENTED_EDGE('',*,*,#1808,.T.);
#2425=ORIENTED_EDGE('',*,*,#1845,.T.);
#2426=ORIENTED_EDGE('',*,*,#1836,.F.);
#2427=ORIENTED_EDGE('',*,*,#1777,.T.);
#2428=ORIENTED_EDGE('',*,*,#1796,.T.);
#2429=ORIENTED_EDGE('',*,*,#1851,.T.);
#2430=ORIENTED_EDGE('',*,*,#1849,.T.);
#2431=ORIENTED_EDGE('',*,*,#1847,.T.);
#2432=ORIENTED_EDGE('',*,*,#1843,.T.);
#2433=ORIENTED_EDGE('',*,*,#1784,.T.);
#2434=ORIENTED_EDGE('',*,*,#1781,.T.);
#2435=ORIENTED_EDGE('',*,*,#1752,.T.);
#2436=ORIENTED_EDGE('',*,*,#1761,.T.);
#2437=ORIENTED_EDGE('',*,*,#1827,.T.);
#2438=ORIENTED_EDGE('',*,*,#1759,.T.);
#2439=ORIENTED_EDGE('',*,*,#1854,.F.);
#2440=ORIENTED_EDGE('',*,*,#1855,.F.);
#2441=ORIENTED_EDGE('',*,*,#1856,.T.);
#2442=ORIENTED_EDGE('',*,*,#1857,.F.);
#2443=ORIENTED_EDGE('',*,*,#1858,.F.);
#2444=ORIENTED_EDGE('',*,*,#1859,.F.);
#2445=ORIENTED_EDGE('',*,*,#1856,.F.);
#2446=ORIENTED_EDGE('',*,*,#1860,.F.);
#2447=ORIENTED_EDGE('',*,*,#1861,.T.);
#2448=ORIENTED_EDGE('',*,*,#1862,.F.);
#2449=ORIENTED_EDGE('',*,*,#1863,.F.);
#2450=ORIENTED_EDGE('',*,*,#1864,.F.);
#2451=ORIENTED_EDGE('',*,*,#1861,.F.);
#2452=ORIENTED_EDGE('',*,*,#1865,.F.);
#2453=ORIENTED_EDGE('',*,*,#1866,.T.);
#2454=ORIENTED_EDGE('',*,*,#1867,.T.);
#2455=ORIENTED_EDGE('',*,*,#1866,.F.);
#2456=ORIENTED_EDGE('',*,*,#1854,.T.);
#2457=ORIENTED_EDGE('',*,*,#1855,.T.);
#2458=ORIENTED_EDGE('',*,*,#1867,.F.);
#2459=ORIENTED_EDGE('',*,*,#1868,.F.);
#2460=ORIENTED_EDGE('',*,*,#1869,.T.);
#2461=ORIENTED_EDGE('',*,*,#1870,.T.);
#2462=ORIENTED_EDGE('',*,*,#1869,.F.);
#2463=ORIENTED_EDGE('',*,*,#1860,.T.);
#2464=ORIENTED_EDGE('',*,*,#1870,.F.);
#2465=ORIENTED_EDGE('',*,*,#1871,.F.);
#2466=ORIENTED_EDGE('',*,*,#1872,.T.);
#2467=ORIENTED_EDGE('',*,*,#1873,.F.);
#2468=ORIENTED_EDGE('',*,*,#1872,.F.);
#2469=ORIENTED_EDGE('',*,*,#1858,.T.);
#2470=ORIENTED_EDGE('',*,*,#1857,.T.);
#2471=ORIENTED_EDGE('',*,*,#1859,.T.);
#2472=ORIENTED_EDGE('',*,*,#1863,.T.);
#2473=ORIENTED_EDGE('',*,*,#1862,.T.);
#2474=ORIENTED_EDGE('',*,*,#1864,.T.);
#2475=ORIENTED_EDGE('',*,*,#1873,.T.);
#2476=ORIENTED_EDGE('',*,*,#1868,.T.);
#2477=ORIENTED_EDGE('',*,*,#1871,.T.);
#2478=ORIENTED_EDGE('',*,*,#1865,.T.);
#2479=ORIENTED_EDGE('',*,*,#1874,.F.);
#2480=ORIENTED_EDGE('',*,*,#1875,.T.);
#2481=ORIENTED_EDGE('',*,*,#1876,.F.);
#2482=ORIENTED_EDGE('',*,*,#1875,.F.);
#2483=ORIENTED_EDGE('',*,*,#1877,.F.);
#2484=ORIENTED_EDGE('',*,*,#1878,.T.);
#2485=ORIENTED_EDGE('',*,*,#1879,.F.);
#2486=ORIENTED_EDGE('',*,*,#1878,.F.);
#2487=ORIENTED_EDGE('',*,*,#1880,.F.);
#2488=ORIENTED_EDGE('',*,*,#1881,.T.);
#2489=ORIENTED_EDGE('',*,*,#1882,.F.);
#2490=ORIENTED_EDGE('',*,*,#1881,.F.);
#2491=ORIENTED_EDGE('',*,*,#1883,.F.);
#2492=ORIENTED_EDGE('',*,*,#1884,.T.);
#2493=ORIENTED_EDGE('',*,*,#1885,.F.);
#2494=ORIENTED_EDGE('',*,*,#1884,.F.);
#2495=ORIENTED_EDGE('',*,*,#1886,.F.);
#2496=ORIENTED_EDGE('',*,*,#1887,.T.);
#2497=ORIENTED_EDGE('',*,*,#1888,.F.);
#2498=ORIENTED_EDGE('',*,*,#1887,.F.);
#2499=ORIENTED_EDGE('',*,*,#1889,.T.);
#2500=ORIENTED_EDGE('',*,*,#1890,.T.);
#2501=ORIENTED_EDGE('',*,*,#1891,.T.);
#2502=ORIENTED_EDGE('',*,*,#1892,.T.);
#2503=ORIENTED_EDGE('',*,*,#1880,.T.);
#2504=ORIENTED_EDGE('',*,*,#1883,.T.);
#2505=ORIENTED_EDGE('',*,*,#1886,.T.);
#2506=ORIENTED_EDGE('',*,*,#1893,.T.);
#2507=ORIENTED_EDGE('',*,*,#1894,.T.);
#2508=ORIENTED_EDGE('',*,*,#1895,.T.);
#2509=ORIENTED_EDGE('',*,*,#1896,.T.);
#2510=ORIENTED_EDGE('',*,*,#1882,.T.);
#2511=ORIENTED_EDGE('',*,*,#1885,.T.);
#2512=ORIENTED_EDGE('',*,*,#1888,.T.);
#2513=ORIENTED_EDGE('',*,*,#1897,.F.);
#2514=ORIENTED_EDGE('',*,*,#1898,.T.);
#2515=ORIENTED_EDGE('',*,*,#1892,.F.);
#2516=ORIENTED_EDGE('',*,*,#1899,.F.);
#2517=ORIENTED_EDGE('',*,*,#1900,.F.);
#2518=ORIENTED_EDGE('',*,*,#1899,.T.);
#2519=ORIENTED_EDGE('',*,*,#1891,.F.);
#2520=ORIENTED_EDGE('',*,*,#1901,.F.);
#2521=ORIENTED_EDGE('',*,*,#1879,.T.);
#2522=ORIENTED_EDGE('',*,*,#1902,.F.);
#2523=ORIENTED_EDGE('',*,*,#1901,.T.);
#2524=ORIENTED_EDGE('',*,*,#1890,.F.);
#2525=ORIENTED_EDGE('',*,*,#1903,.F.);
#2526=ORIENTED_EDGE('',*,*,#1904,.F.);
#2527=ORIENTED_EDGE('',*,*,#1905,.T.);
#2528=ORIENTED_EDGE('',*,*,#1894,.F.);
#2529=ORIENTED_EDGE('',*,*,#1906,.F.);
#2530=ORIENTED_EDGE('',*,*,#1907,.F.);
#2531=ORIENTED_EDGE('',*,*,#1906,.T.);
#2532=ORIENTED_EDGE('',*,*,#1893,.F.);
#2533=ORIENTED_EDGE('',*,*,#1908,.F.);
#2534=ORIENTED_EDGE('',*,*,#1877,.T.);
#2535=ORIENTED_EDGE('',*,*,#1909,.F.);
#2536=ORIENTED_EDGE('',*,*,#1908,.T.);
#2537=ORIENTED_EDGE('',*,*,#1896,.F.);
#2538=ORIENTED_EDGE('',*,*,#1910,.F.);
#2539=ORIENTED_EDGE('',*,*,#1911,.F.);
#2540=ORIENTED_EDGE('',*,*,#1910,.T.);
#2541=ORIENTED_EDGE('',*,*,#1895,.F.);
#2542=ORIENTED_EDGE('',*,*,#1905,.F.);
#2543=ORIENTED_EDGE('',*,*,#1876,.T.);
#2544=ORIENTED_EDGE('',*,*,#1912,.F.);
#2545=ORIENTED_EDGE('',*,*,#1903,.T.);
#2546=ORIENTED_EDGE('',*,*,#1889,.F.);
#2547=ORIENTED_EDGE('',*,*,#1898,.F.);
#2548=ORIENTED_EDGE('',*,*,#1874,.T.);
#2549=ORIENTED_EDGE('',*,*,#1912,.T.);
#2550=ORIENTED_EDGE('',*,*,#1897,.T.);
#2551=ORIENTED_EDGE('',*,*,#1900,.T.);
#2552=ORIENTED_EDGE('',*,*,#1902,.T.);
#2553=ORIENTED_EDGE('',*,*,#1907,.T.);
#2554=ORIENTED_EDGE('',*,*,#1909,.T.);
#2555=ORIENTED_EDGE('',*,*,#1911,.T.);
#2556=ORIENTED_EDGE('',*,*,#1904,.T.);
#2557=ORIENTED_EDGE('',*,*,#1913,.F.);
#2558=ORIENTED_EDGE('',*,*,#1914,.T.);
#2559=ORIENTED_EDGE('',*,*,#1915,.F.);
#2560=ORIENTED_EDGE('',*,*,#1914,.F.);
#2561=ORIENTED_EDGE('',*,*,#1916,.F.);
#2562=ORIENTED_EDGE('',*,*,#1917,.T.);
#2563=ORIENTED_EDGE('',*,*,#1918,.F.);
#2564=ORIENTED_EDGE('',*,*,#1917,.F.);
#2565=ORIENTED_EDGE('',*,*,#1919,.F.);
#2566=ORIENTED_EDGE('',*,*,#1920,.F.);
#2567=ORIENTED_EDGE('',*,*,#1921,.T.);
#2568=ORIENTED_EDGE('',*,*,#1922,.F.);
#2569=ORIENTED_EDGE('',*,*,#1923,.T.);
#2570=ORIENTED_EDGE('',*,*,#1924,.F.);
#2571=ORIENTED_EDGE('',*,*,#1925,.T.);
#2572=ORIENTED_EDGE('',*,*,#1926,.T.);
#2573=ORIENTED_EDGE('',*,*,#1927,.T.);
#2574=ORIENTED_EDGE('',*,*,#1928,.F.);
#2575=ORIENTED_EDGE('',*,*,#1929,.F.);
#2576=ORIENTED_EDGE('',*,*,#1928,.T.);
#2577=ORIENTED_EDGE('',*,*,#1930,.T.);
#2578=ORIENTED_EDGE('',*,*,#1920,.T.);
#2579=ORIENTED_EDGE('',*,*,#1919,.T.);
#2580=ORIENTED_EDGE('',*,*,#1931,.T.);
#2581=ORIENTED_EDGE('',*,*,#1932,.T.);
#2582=ORIENTED_EDGE('',*,*,#1933,.T.);
#2583=ORIENTED_EDGE('',*,*,#1934,.F.);
#2584=ORIENTED_EDGE('',*,*,#1935,.T.);
#2585=ORIENTED_EDGE('',*,*,#1924,.T.);
#2586=ORIENTED_EDGE('',*,*,#1929,.T.);
#2587=ORIENTED_EDGE('',*,*,#1936,.T.);
#2588=ORIENTED_EDGE('',*,*,#1937,.T.);
#2589=ORIENTED_EDGE('',*,*,#1938,.T.);
#2590=ORIENTED_EDGE('',*,*,#1932,.F.);
#2591=ORIENTED_EDGE('',*,*,#1939,.T.);
#2592=ORIENTED_EDGE('',*,*,#1922,.T.);
#2593=ORIENTED_EDGE('',*,*,#1940,.T.);
#2594=ORIENTED_EDGE('',*,*,#1937,.F.);
#2595=ORIENTED_EDGE('',*,*,#1941,.T.);
#2596=ORIENTED_EDGE('',*,*,#1926,.F.);
#2597=ORIENTED_EDGE('',*,*,#1942,.T.);
#2598=ORIENTED_EDGE('',*,*,#1943,.T.);
#2599=ORIENTED_EDGE('',*,*,#1944,.T.);
#2600=ORIENTED_EDGE('',*,*,#1943,.F.);
#2601=ORIENTED_EDGE('',*,*,#1945,.T.);
#2602=ORIENTED_EDGE('',*,*,#1934,.T.);
#2603=ORIENTED_EDGE('',*,*,#1927,.F.);
#2604=ORIENTED_EDGE('',*,*,#1946,.F.);
#2605=ORIENTED_EDGE('',*,*,#1947,.T.);
#2606=ORIENTED_EDGE('',*,*,#1948,.T.);
#2607=ORIENTED_EDGE('',*,*,#1918,.T.);
#2608=ORIENTED_EDGE('',*,*,#1941,.F.);
#2609=ORIENTED_EDGE('',*,*,#1949,.F.);
#2610=ORIENTED_EDGE('',*,*,#1950,.F.);
#2611=ORIENTED_EDGE('',*,*,#1951,.T.);
#2612=ORIENTED_EDGE('',*,*,#1952,.T.);
#2613=ORIENTED_EDGE('',*,*,#1946,.T.);
#2614=ORIENTED_EDGE('',*,*,#1944,.F.);
#2615=ORIENTED_EDGE('',*,*,#1953,.F.);
#2616=ORIENTED_EDGE('',*,*,#1954,.F.);
#2617=ORIENTED_EDGE('',*,*,#1955,.T.);
#2618=ORIENTED_EDGE('',*,*,#1956,.F.);
#2619=ORIENTED_EDGE('',*,*,#1949,.T.);
#2620=ORIENTED_EDGE('',*,*,#1916,.T.);
#2621=ORIENTED_EDGE('',*,*,#1957,.T.);
#2622=ORIENTED_EDGE('',*,*,#1958,.T.);
#2623=ORIENTED_EDGE('',*,*,#1933,.F.);
#2624=ORIENTED_EDGE('',*,*,#1959,.F.);
#2625=ORIENTED_EDGE('',*,*,#1960,.F.);
#2626=ORIENTED_EDGE('',*,*,#1953,.T.);
#2627=ORIENTED_EDGE('',*,*,#1925,.F.);
#2628=ORIENTED_EDGE('',*,*,#1935,.F.);
#2629=ORIENTED_EDGE('',*,*,#1945,.F.);
#2630=ORIENTED_EDGE('',*,*,#1942,.F.);
#2631=ORIENTED_EDGE('',*,*,#1923,.F.);
#2632=ORIENTED_EDGE('',*,*,#1939,.F.);
#2633=ORIENTED_EDGE('',*,*,#1936,.F.);
#2634=ORIENTED_EDGE('',*,*,#1931,.F.);
#2635=ORIENTED_EDGE('',*,*,#1930,.F.);
#2636=ORIENTED_EDGE('',*,*,#1948,.F.);
#2637=ORIENTED_EDGE('',*,*,#1961,.T.);
#2638=ORIENTED_EDGE('',*,*,#1962,.T.);
#2639=ORIENTED_EDGE('',*,*,#1921,.F.);
#2640=ORIENTED_EDGE('',*,*,#1962,.F.);
#2641=ORIENTED_EDGE('',*,*,#1963,.T.);
#2642=ORIENTED_EDGE('',*,*,#1964,.F.);
#2643=ORIENTED_EDGE('',*,*,#1913,.T.);
#2644=ORIENTED_EDGE('',*,*,#1952,.F.);
#2645=ORIENTED_EDGE('',*,*,#1965,.F.);
#2646=ORIENTED_EDGE('',*,*,#1966,.F.);
#2647=ORIENTED_EDGE('',*,*,#1967,.F.);
#2648=ORIENTED_EDGE('',*,*,#1968,.F.);
#2649=ORIENTED_EDGE('',*,*,#1963,.F.);
#2650=ORIENTED_EDGE('',*,*,#1961,.F.);
#2651=ORIENTED_EDGE('',*,*,#1947,.F.);
#2652=ORIENTED_EDGE('',*,*,#1940,.F.);
#2653=ORIENTED_EDGE('',*,*,#1964,.T.);
#2654=ORIENTED_EDGE('',*,*,#1968,.T.);
#2655=ORIENTED_EDGE('',*,*,#1969,.F.);
#2656=ORIENTED_EDGE('',*,*,#1970,.T.);
#2657=ORIENTED_EDGE('',*,*,#1971,.T.);
#2658=ORIENTED_EDGE('',*,*,#1967,.T.);
#2659=ORIENTED_EDGE('',*,*,#1972,.F.);
#2660=ORIENTED_EDGE('',*,*,#1973,.T.);
#2661=ORIENTED_EDGE('',*,*,#1974,.F.);
#2662=ORIENTED_EDGE('',*,*,#1975,.T.);
#2663=ORIENTED_EDGE('',*,*,#1969,.T.);
#2664=ORIENTED_EDGE('',*,*,#1966,.T.);
#2665=ORIENTED_EDGE('',*,*,#1976,.F.);
#2666=ORIENTED_EDGE('',*,*,#1977,.F.);
#2667=ORIENTED_EDGE('',*,*,#1972,.T.);
#2668=ORIENTED_EDGE('',*,*,#1978,.T.);
#2669=ORIENTED_EDGE('',*,*,#1979,.T.);
#2670=ORIENTED_EDGE('',*,*,#1980,.F.);
#2671=ORIENTED_EDGE('',*,*,#1979,.F.);
#2672=ORIENTED_EDGE('',*,*,#1980,.T.);
#2673=ORIENTED_EDGE('',*,*,#1981,.T.);
#2674=ORIENTED_EDGE('',*,*,#1982,.T.);
#2675=ORIENTED_EDGE('',*,*,#1983,.F.);
#2676=ORIENTED_EDGE('',*,*,#1982,.F.);
#2677=ORIENTED_EDGE('',*,*,#1983,.T.);
#2678=ORIENTED_EDGE('',*,*,#1984,.T.);
#2679=ORIENTED_EDGE('',*,*,#1974,.T.);
#2680=ORIENTED_EDGE('',*,*,#1985,.T.);
#2681=ORIENTED_EDGE('',*,*,#1986,.T.);
#2682=ORIENTED_EDGE('',*,*,#1986,.F.);
#2683=ORIENTED_EDGE('',*,*,#1987,.T.);
#2684=ORIENTED_EDGE('',*,*,#1988,.T.);
#2685=ORIENTED_EDGE('',*,*,#1989,.T.);
#2686=ORIENTED_EDGE('',*,*,#1990,.T.);
#2687=ORIENTED_EDGE('',*,*,#1988,.F.);
#2688=ORIENTED_EDGE('',*,*,#1991,.T.);
#2689=ORIENTED_EDGE('',*,*,#1992,.T.);
#2690=ORIENTED_EDGE('',*,*,#1984,.F.);
#2691=ORIENTED_EDGE('',*,*,#1989,.F.);
#2692=ORIENTED_EDGE('',*,*,#1990,.F.);
#2693=ORIENTED_EDGE('',*,*,#1993,.F.);
#2694=ORIENTED_EDGE('',*,*,#1970,.F.);
#2695=ORIENTED_EDGE('',*,*,#1975,.F.);
#2696=ORIENTED_EDGE('',*,*,#1938,.F.);
#2697=ORIENTED_EDGE('',*,*,#1971,.F.);
#2698=ORIENTED_EDGE('',*,*,#1993,.T.);
#2699=ORIENTED_EDGE('',*,*,#1992,.F.);
#2700=ORIENTED_EDGE('',*,*,#1994,.F.);
#2701=ORIENTED_EDGE('',*,*,#1959,.T.);
#2702=ORIENTED_EDGE('',*,*,#1915,.T.);
#2703=ORIENTED_EDGE('',*,*,#1978,.F.);
#2704=ORIENTED_EDGE('',*,*,#1981,.F.);
#2705=ORIENTED_EDGE('',*,*,#1958,.F.);
#2706=ORIENTED_EDGE('',*,*,#1995,.T.);
#2707=ORIENTED_EDGE('',*,*,#1996,.T.);
#2708=ORIENTED_EDGE('',*,*,#1995,.F.);
#2709=ORIENTED_EDGE('',*,*,#1996,.F.);
#2710=ORIENTED_EDGE('',*,*,#1957,.F.);
#2711=ORIENTED_EDGE('',*,*,#1997,.T.);
#2712=ORIENTED_EDGE('',*,*,#1998,.T.);
#2713=ORIENTED_EDGE('',*,*,#1997,.F.);
#2714=ORIENTED_EDGE('',*,*,#1998,.F.);
#2715=ORIENTED_EDGE('',*,*,#1999,.F.);
#2716=ORIENTED_EDGE('',*,*,#2000,.F.);
#2717=ORIENTED_EDGE('',*,*,#2001,.F.);
#2718=ORIENTED_EDGE('',*,*,#2002,.F.);
#2719=ORIENTED_EDGE('',*,*,#1965,.T.);
#2720=ORIENTED_EDGE('',*,*,#1951,.F.);
#2721=ORIENTED_EDGE('',*,*,#2003,.F.);
#2722=ORIENTED_EDGE('',*,*,#2002,.T.);
#2723=ORIENTED_EDGE('',*,*,#2004,.F.);
#2724=ORIENTED_EDGE('',*,*,#1976,.T.);
#2725=ORIENTED_EDGE('',*,*,#2001,.T.);
#2726=ORIENTED_EDGE('',*,*,#2005,.T.);
#2727=ORIENTED_EDGE('',*,*,#2006,.T.);
#2728=ORIENTED_EDGE('',*,*,#1954,.T.);
#2729=ORIENTED_EDGE('',*,*,#1960,.T.);
#2730=ORIENTED_EDGE('',*,*,#1994,.T.);
#2731=ORIENTED_EDGE('',*,*,#1991,.F.);
#2732=ORIENTED_EDGE('',*,*,#1987,.F.);
#2733=ORIENTED_EDGE('',*,*,#1985,.F.);
#2734=ORIENTED_EDGE('',*,*,#1973,.F.);
#2735=ORIENTED_EDGE('',*,*,#1977,.T.);
#2736=ORIENTED_EDGE('',*,*,#2004,.T.);
#2737=ORIENTED_EDGE('',*,*,#2000,.T.);
#2738=ORIENTED_EDGE('',*,*,#2007,.F.);
#2739=ORIENTED_EDGE('',*,*,#2008,.F.);
#2740=ORIENTED_EDGE('',*,*,#2005,.F.);
#2741=ORIENTED_EDGE('',*,*,#2009,.F.);
#2742=ORIENTED_EDGE('',*,*,#1955,.F.);
#2743=ORIENTED_EDGE('',*,*,#2006,.F.);
#2744=ORIENTED_EDGE('',*,*,#2008,.T.);
#2745=ORIENTED_EDGE('',*,*,#1999,.T.);
#2746=ORIENTED_EDGE('',*,*,#2003,.T.);
#2747=ORIENTED_EDGE('',*,*,#1950,.T.);
#2748=ORIENTED_EDGE('',*,*,#1956,.T.);
#2749=ORIENTED_EDGE('',*,*,#2009,.T.);
#2750=ORIENTED_EDGE('',*,*,#2007,.T.);
#2751=ORIENTED_EDGE('',*,*,#2010,.T.);
#2752=ORIENTED_EDGE('',*,*,#2011,.T.);
#2753=ORIENTED_EDGE('',*,*,#2012,.T.);
#2754=ORIENTED_EDGE('',*,*,#2013,.T.);
#2755=ORIENTED_EDGE('',*,*,#2011,.F.);
#2756=ORIENTED_EDGE('',*,*,#2014,.F.);
#2757=ORIENTED_EDGE('',*,*,#2015,.F.);
#2758=ORIENTED_EDGE('',*,*,#2016,.T.);
#2759=ORIENTED_EDGE('',*,*,#2010,.F.);
#2760=ORIENTED_EDGE('',*,*,#2017,.T.);
#2761=ORIENTED_EDGE('',*,*,#2018,.F.);
#2762=ORIENTED_EDGE('',*,*,#2019,.T.);
#2763=ORIENTED_EDGE('',*,*,#2020,.F.);
#2764=ORIENTED_EDGE('',*,*,#2021,.T.);
#2765=ORIENTED_EDGE('',*,*,#2022,.F.);
#2766=ORIENTED_EDGE('',*,*,#2014,.T.);
#2767=ORIENTED_EDGE('',*,*,#2023,.T.);
#2768=ORIENTED_EDGE('',*,*,#2024,.T.);
#2769=ORIENTED_EDGE('',*,*,#2025,.T.);
#2770=ORIENTED_EDGE('',*,*,#2026,.T.);
#2771=ORIENTED_EDGE('',*,*,#2027,.T.);
#2772=ORIENTED_EDGE('',*,*,#2018,.T.);
#2773=ORIENTED_EDGE('',*,*,#2028,.T.);
#2774=ORIENTED_EDGE('',*,*,#2029,.T.);
#2775=ORIENTED_EDGE('',*,*,#2030,.T.);
#2776=ORIENTED_EDGE('',*,*,#2030,.F.);
#2777=ORIENTED_EDGE('',*,*,#2031,.T.);
#2778=ORIENTED_EDGE('',*,*,#2032,.F.);
#2779=ORIENTED_EDGE('',*,*,#2019,.F.);
#2780=ORIENTED_EDGE('',*,*,#2020,.T.);
#2781=ORIENTED_EDGE('',*,*,#2032,.T.);
#2782=ORIENTED_EDGE('',*,*,#2033,.T.);
#2783=ORIENTED_EDGE('',*,*,#2034,.T.);
#2784=ORIENTED_EDGE('',*,*,#2022,.T.);
#2785=ORIENTED_EDGE('',*,*,#2035,.T.);
#2786=ORIENTED_EDGE('',*,*,#2036,.T.);
#2787=ORIENTED_EDGE('',*,*,#2015,.T.);
#2788=ORIENTED_EDGE('',*,*,#2023,.F.);
#2789=ORIENTED_EDGE('',*,*,#2037,.T.);
#2790=ORIENTED_EDGE('',*,*,#2038,.F.);
#2791=ORIENTED_EDGE('',*,*,#2037,.F.);
#2792=ORIENTED_EDGE('',*,*,#2024,.F.);
#2793=ORIENTED_EDGE('',*,*,#2039,.T.);
#2794=ORIENTED_EDGE('',*,*,#2040,.F.);
#2795=ORIENTED_EDGE('',*,*,#2039,.F.);
#2796=ORIENTED_EDGE('',*,*,#2025,.F.);
#2797=ORIENTED_EDGE('',*,*,#2041,.T.);
#2798=ORIENTED_EDGE('',*,*,#2042,.F.);
#2799=ORIENTED_EDGE('',*,*,#2041,.F.);
#2800=ORIENTED_EDGE('',*,*,#2026,.F.);
#2801=ORIENTED_EDGE('',*,*,#2043,.T.);
#2802=ORIENTED_EDGE('',*,*,#2044,.F.);
#2803=ORIENTED_EDGE('',*,*,#2043,.F.);
#2804=ORIENTED_EDGE('',*,*,#2027,.F.);
#2805=ORIENTED_EDGE('',*,*,#2045,.T.);
#2806=ORIENTED_EDGE('',*,*,#2046,.F.);
#2807=ORIENTED_EDGE('',*,*,#2045,.F.);
#2808=ORIENTED_EDGE('',*,*,#2034,.F.);
#2809=ORIENTED_EDGE('',*,*,#2047,.T.);
#2810=ORIENTED_EDGE('',*,*,#2035,.F.);
#2811=ORIENTED_EDGE('',*,*,#2021,.F.);
#2812=ORIENTED_EDGE('',*,*,#2013,.F.);
#2813=ORIENTED_EDGE('',*,*,#2048,.T.);
#2814=ORIENTED_EDGE('',*,*,#2028,.F.);
#2815=ORIENTED_EDGE('',*,*,#2017,.F.);
#2816=ORIENTED_EDGE('',*,*,#2012,.F.);
#2817=ORIENTED_EDGE('',*,*,#2016,.F.);
#2818=ORIENTED_EDGE('',*,*,#2036,.F.);
#2819=ORIENTED_EDGE('',*,*,#2047,.F.);
#2820=ORIENTED_EDGE('',*,*,#2033,.F.);
#2821=ORIENTED_EDGE('',*,*,#2031,.F.);
#2822=ORIENTED_EDGE('',*,*,#2029,.F.);
#2823=ORIENTED_EDGE('',*,*,#2048,.F.);
#2824=ORIENTED_EDGE('',*,*,#2038,.T.);
#2825=ORIENTED_EDGE('',*,*,#2040,.T.);
#2826=ORIENTED_EDGE('',*,*,#2042,.T.);
#2827=ORIENTED_EDGE('',*,*,#2044,.T.);
#2828=ORIENTED_EDGE('',*,*,#2046,.T.);
#2829=ORIENTED_EDGE('',*,*,#2049,.F.);
#2830=ORIENTED_EDGE('',*,*,#2050,.T.);
#2831=ORIENTED_EDGE('',*,*,#2051,.F.);
#2832=ORIENTED_EDGE('',*,*,#2052,.F.);
#2833=ORIENTED_EDGE('',*,*,#2053,.F.);
#2834=ORIENTED_EDGE('',*,*,#2054,.F.);
#2835=ORIENTED_EDGE('',*,*,#2055,.T.);
#2836=ORIENTED_EDGE('',*,*,#2056,.T.);
#2837=ORIENTED_EDGE('',*,*,#2057,.F.);
#2838=ORIENTED_EDGE('',*,*,#2058,.F.);
#2839=ORIENTED_EDGE('',*,*,#2059,.F.);
#2840=ORIENTED_EDGE('',*,*,#2050,.F.);
#2841=ORIENTED_EDGE('',*,*,#2060,.F.);
#2842=ORIENTED_EDGE('',*,*,#2056,.F.);
#2843=ORIENTED_EDGE('',*,*,#2061,.F.);
#2844=ORIENTED_EDGE('',*,*,#2062,.F.);
#2845=ORIENTED_EDGE('',*,*,#2063,.F.);
#2846=ORIENTED_EDGE('',*,*,#2064,.F.);
#2847=ORIENTED_EDGE('',*,*,#2065,.T.);
#2848=ORIENTED_EDGE('',*,*,#2058,.T.);
#2849=ORIENTED_EDGE('',*,*,#2066,.F.);
#2850=ORIENTED_EDGE('',*,*,#2067,.T.);
#2851=ORIENTED_EDGE('',*,*,#2061,.T.);
#2852=ORIENTED_EDGE('',*,*,#2055,.F.);
#2853=ORIENTED_EDGE('',*,*,#2068,.F.);
#2854=ORIENTED_EDGE('',*,*,#2062,.T.);
#2855=ORIENTED_EDGE('',*,*,#2067,.F.);
#2856=ORIENTED_EDGE('',*,*,#2069,.F.);
#2857=ORIENTED_EDGE('',*,*,#2070,.F.);
#2858=ORIENTED_EDGE('',*,*,#2051,.T.);
#2859=ORIENTED_EDGE('',*,*,#2059,.T.);
#2860=ORIENTED_EDGE('',*,*,#2065,.F.);
#2861=ORIENTED_EDGE('',*,*,#2053,.T.);
#2862=ORIENTED_EDGE('',*,*,#2060,.T.);
#2863=ORIENTED_EDGE('',*,*,#2068,.T.);
#2864=ORIENTED_EDGE('',*,*,#2071,.F.);
#2865=ORIENTED_EDGE('',*,*,#2072,.T.);
#2866=ORIENTED_EDGE('',*,*,#2073,.T.);
#2867=ORIENTED_EDGE('',*,*,#2074,.F.);
#2868=ORIENTED_EDGE('',*,*,#2075,.F.);
#2869=ORIENTED_EDGE('',*,*,#2076,.T.);
#2870=ORIENTED_EDGE('',*,*,#2077,.T.);
#2871=ORIENTED_EDGE('',*,*,#2078,.T.);
#2872=ORIENTED_EDGE('',*,*,#2079,.F.);
#2873=ORIENTED_EDGE('',*,*,#2080,.F.);
#2874=ORIENTED_EDGE('',*,*,#2081,.T.);
#2875=ORIENTED_EDGE('',*,*,#2082,.F.);
#2876=ORIENTED_EDGE('',*,*,#2083,.F.);
#2877=ORIENTED_EDGE('',*,*,#2076,.F.);
#2878=ORIENTED_EDGE('',*,*,#2084,.F.);
#2879=ORIENTED_EDGE('',*,*,#2085,.T.);
#2880=ORIENTED_EDGE('',*,*,#2086,.T.);
#2881=ORIENTED_EDGE('',*,*,#2087,.F.);
#2882=ORIENTED_EDGE('',*,*,#2088,.F.);
#2883=ORIENTED_EDGE('',*,*,#2089,.F.);
#2884=ORIENTED_EDGE('',*,*,#2081,.F.);
#2885=ORIENTED_EDGE('',*,*,#2077,.F.);
#2886=ORIENTED_EDGE('',*,*,#2086,.F.);
#2887=ORIENTED_EDGE('',*,*,#2090,.F.);
#2888=ORIENTED_EDGE('',*,*,#2091,.F.);
#2889=ORIENTED_EDGE('',*,*,#2092,.F.);
#2890=ORIENTED_EDGE('',*,*,#2093,.F.);
#2891=ORIENTED_EDGE('',*,*,#2094,.T.);
#2892=ORIENTED_EDGE('',*,*,#2088,.T.);
#2893=ORIENTED_EDGE('',*,*,#2095,.F.);
#2894=ORIENTED_EDGE('',*,*,#2096,.T.);
#2895=ORIENTED_EDGE('',*,*,#2090,.T.);
#2896=ORIENTED_EDGE('',*,*,#2085,.F.);
#2897=ORIENTED_EDGE('',*,*,#2078,.F.);
#2898=ORIENTED_EDGE('',*,*,#2091,.T.);
#2899=ORIENTED_EDGE('',*,*,#2096,.F.);
#2900=ORIENTED_EDGE('',*,*,#2097,.F.);
#2901=ORIENTED_EDGE('',*,*,#2098,.F.);
#2902=ORIENTED_EDGE('',*,*,#2082,.T.);
#2903=ORIENTED_EDGE('',*,*,#2089,.T.);
#2904=ORIENTED_EDGE('',*,*,#2094,.F.);
#2905=ORIENTED_EDGE('',*,*,#2099,.F.);
#2906=ORIENTED_EDGE('',*,*,#2100,.F.);
#2907=ORIENTED_EDGE('',*,*,#2101,.F.);
#2908=ORIENTED_EDGE('',*,*,#2102,.T.);
#2909=ORIENTED_EDGE('',*,*,#2103,.F.);
#2910=ORIENTED_EDGE('',*,*,#2102,.F.);
#2911=ORIENTED_EDGE('',*,*,#2104,.F.);
#2912=ORIENTED_EDGE('',*,*,#2105,.T.);
#2913=ORIENTED_EDGE('',*,*,#2106,.F.);
#2914=ORIENTED_EDGE('',*,*,#2105,.F.);
#2915=ORIENTED_EDGE('',*,*,#2107,.F.);
#2916=ORIENTED_EDGE('',*,*,#2108,.T.);
#2917=ORIENTED_EDGE('',*,*,#2109,.F.);
#2918=ORIENTED_EDGE('',*,*,#2108,.F.);
#2919=ORIENTED_EDGE('',*,*,#2110,.F.);
#2920=ORIENTED_EDGE('',*,*,#2100,.T.);
#2921=ORIENTED_EDGE('',*,*,#2111,.F.);
#2922=ORIENTED_EDGE('',*,*,#2074,.T.);
#2923=ORIENTED_EDGE('',*,*,#2112,.T.);
#2924=ORIENTED_EDGE('',*,*,#2113,.F.);
#2925=ORIENTED_EDGE('',*,*,#2114,.F.);
#2926=ORIENTED_EDGE('',*,*,#2115,.T.);
#2927=ORIENTED_EDGE('',*,*,#2116,.T.);
#2928=ORIENTED_EDGE('',*,*,#2072,.F.);
#2929=ORIENTED_EDGE('',*,*,#2049,.T.);
#2930=ORIENTED_EDGE('',*,*,#2117,.F.);
#2931=ORIENTED_EDGE('',*,*,#2092,.T.);
#2932=ORIENTED_EDGE('',*,*,#2087,.T.);
#2933=ORIENTED_EDGE('',*,*,#2080,.T.);
#2934=ORIENTED_EDGE('',*,*,#2118,.F.);
#2935=ORIENTED_EDGE('',*,*,#2113,.T.);
#2936=ORIENTED_EDGE('',*,*,#2119,.T.);
#2937=ORIENTED_EDGE('',*,*,#2115,.F.);
#2938=ORIENTED_EDGE('',*,*,#2120,.F.);
#2939=ORIENTED_EDGE('',*,*,#2063,.T.);
#2940=ORIENTED_EDGE('',*,*,#2057,.T.);
#2941=ORIENTED_EDGE('',*,*,#2119,.F.);
#2942=ORIENTED_EDGE('',*,*,#2112,.F.);
#2943=ORIENTED_EDGE('',*,*,#2073,.F.);
#2944=ORIENTED_EDGE('',*,*,#2116,.F.);
#2945=ORIENTED_EDGE('',*,*,#2106,.T.);
#2946=ORIENTED_EDGE('',*,*,#2109,.T.);
#2947=ORIENTED_EDGE('',*,*,#2099,.T.);
#2948=ORIENTED_EDGE('',*,*,#2103,.T.);
#2949=ORIENTED_EDGE('',*,*,#2121,.F.);
#2950=ORIENTED_EDGE('',*,*,#2122,.T.);
#2951=ORIENTED_EDGE('',*,*,#2123,.T.);
#2952=ORIENTED_EDGE('',*,*,#2124,.F.);
#2953=ORIENTED_EDGE('',*,*,#2125,.F.);
#2954=ORIENTED_EDGE('',*,*,#2126,.T.);
#2955=ORIENTED_EDGE('',*,*,#2127,.T.);
#2956=ORIENTED_EDGE('',*,*,#2122,.F.);
#2957=ORIENTED_EDGE('',*,*,#2128,.F.);
#2958=ORIENTED_EDGE('',*,*,#2129,.T.);
#2959=ORIENTED_EDGE('',*,*,#2130,.T.);
#2960=ORIENTED_EDGE('',*,*,#2126,.F.);
#2961=ORIENTED_EDGE('',*,*,#2131,.F.);
#2962=ORIENTED_EDGE('',*,*,#2132,.T.);
#2963=ORIENTED_EDGE('',*,*,#2133,.T.);
#2964=ORIENTED_EDGE('',*,*,#2129,.F.);
#2965=ORIENTED_EDGE('',*,*,#2134,.F.);
#2966=ORIENTED_EDGE('',*,*,#2135,.T.);
#2967=ORIENTED_EDGE('',*,*,#2136,.T.);
#2968=ORIENTED_EDGE('',*,*,#2132,.F.);
#2969=ORIENTED_EDGE('',*,*,#2137,.T.);
#2970=ORIENTED_EDGE('',*,*,#2124,.T.);
#2971=ORIENTED_EDGE('',*,*,#2138,.F.);
#2972=ORIENTED_EDGE('',*,*,#2139,.F.);
#2973=ORIENTED_EDGE('',*,*,#2140,.T.);
#2974=ORIENTED_EDGE('',*,*,#2139,.T.);
#2975=ORIENTED_EDGE('',*,*,#2141,.F.);
#2976=ORIENTED_EDGE('',*,*,#2142,.F.);
#2977=ORIENTED_EDGE('',*,*,#2143,.T.);
#2978=ORIENTED_EDGE('',*,*,#2142,.T.);
#2979=ORIENTED_EDGE('',*,*,#2144,.F.);
#2980=ORIENTED_EDGE('',*,*,#2145,.F.);
#2981=ORIENTED_EDGE('',*,*,#2146,.T.);
#2982=ORIENTED_EDGE('',*,*,#2145,.T.);
#2983=ORIENTED_EDGE('',*,*,#2147,.F.);
#2984=ORIENTED_EDGE('',*,*,#2148,.F.);
#2985=ORIENTED_EDGE('',*,*,#2149,.T.);
#2986=ORIENTED_EDGE('',*,*,#2148,.T.);
#2987=ORIENTED_EDGE('',*,*,#2150,.F.);
#2988=ORIENTED_EDGE('',*,*,#2135,.F.);
#2989=ORIENTED_EDGE('',*,*,#2150,.T.);
#2990=ORIENTED_EDGE('',*,*,#2147,.T.);
#2991=ORIENTED_EDGE('',*,*,#2144,.T.);
#2992=ORIENTED_EDGE('',*,*,#2141,.T.);
#2993=ORIENTED_EDGE('',*,*,#2138,.T.);
#2994=ORIENTED_EDGE('',*,*,#2123,.F.);
#2995=ORIENTED_EDGE('',*,*,#2127,.F.);
#2996=ORIENTED_EDGE('',*,*,#2130,.F.);
#2997=ORIENTED_EDGE('',*,*,#2133,.F.);
#2998=ORIENTED_EDGE('',*,*,#2136,.F.);
#2999=ORIENTED_EDGE('',*,*,#2107,.T.);
#3000=ORIENTED_EDGE('',*,*,#2104,.T.);
#3001=ORIENTED_EDGE('',*,*,#2101,.T.);
#3002=ORIENTED_EDGE('',*,*,#2110,.T.);
#3003=ORIENTED_EDGE('',*,*,#2137,.F.);
#3004=ORIENTED_EDGE('',*,*,#2140,.F.);
#3005=ORIENTED_EDGE('',*,*,#2143,.F.);
#3006=ORIENTED_EDGE('',*,*,#2146,.F.);
#3007=ORIENTED_EDGE('',*,*,#2149,.F.);
#3008=ORIENTED_EDGE('',*,*,#2134,.T.);
#3009=ORIENTED_EDGE('',*,*,#2131,.T.);
#3010=ORIENTED_EDGE('',*,*,#2128,.T.);
#3011=ORIENTED_EDGE('',*,*,#2125,.T.);
#3012=ORIENTED_EDGE('',*,*,#2121,.T.);
#3013=ORIENTED_EDGE('',*,*,#2054,.T.);
#3014=ORIENTED_EDGE('',*,*,#2079,.T.);
#3015=ORIENTED_EDGE('',*,*,#2097,.T.);
#3016=ORIENTED_EDGE('',*,*,#2095,.T.);
#3017=ORIENTED_EDGE('',*,*,#2084,.T.);
#3018=ORIENTED_EDGE('',*,*,#2075,.T.);
#3019=ORIENTED_EDGE('',*,*,#2111,.T.);
#3020=ORIENTED_EDGE('',*,*,#2118,.T.);
#3021=ORIENTED_EDGE('',*,*,#2083,.T.);
#3022=ORIENTED_EDGE('',*,*,#2098,.T.);
#3023=ORIENTED_EDGE('',*,*,#2093,.T.);
#3024=ORIENTED_EDGE('',*,*,#2117,.T.);
#3025=ORIENTED_EDGE('',*,*,#2052,.T.);
#3026=ORIENTED_EDGE('',*,*,#2070,.T.);
#3027=ORIENTED_EDGE('',*,*,#2064,.T.);
#3028=ORIENTED_EDGE('',*,*,#2120,.T.);
#3029=ORIENTED_EDGE('',*,*,#2114,.T.);
#3030=ORIENTED_EDGE('',*,*,#2071,.T.);
#3031=ORIENTED_EDGE('',*,*,#2069,.T.);
#3032=ORIENTED_EDGE('',*,*,#2066,.T.);
#3033=ORIENTED_EDGE('',*,*,#2151,.F.);
#3034=ORIENTED_EDGE('',*,*,#2152,.T.);
#3035=ORIENTED_EDGE('',*,*,#2153,.F.);
#3036=ORIENTED_EDGE('',*,*,#2154,.F.);
#3037=ORIENTED_EDGE('',*,*,#2155,.F.);
#3038=ORIENTED_EDGE('',*,*,#2156,.T.);
#3039=ORIENTED_EDGE('',*,*,#2157,.F.);
#3040=ORIENTED_EDGE('',*,*,#2158,.F.);
#3041=ORIENTED_EDGE('',*,*,#2157,.T.);
#3042=ORIENTED_EDGE('',*,*,#2159,.T.);
#3043=ORIENTED_EDGE('',*,*,#2160,.T.);
#3044=ORIENTED_EDGE('',*,*,#2161,.T.);
#3045=ORIENTED_EDGE('',*,*,#2162,.T.);
#3046=ORIENTED_EDGE('',*,*,#2163,.T.);
#3047=ORIENTED_EDGE('',*,*,#2164,.T.);
#3048=ORIENTED_EDGE('',*,*,#2165,.F.);
#3049=ORIENTED_EDGE('',*,*,#2166,.T.);
#3050=ORIENTED_EDGE('',*,*,#2167,.F.);
#3051=ORIENTED_EDGE('',*,*,#2168,.F.);
#3052=ORIENTED_EDGE('',*,*,#2153,.T.);
#3053=ORIENTED_EDGE('',*,*,#2169,.T.);
#3054=ORIENTED_EDGE('',*,*,#2170,.T.);
#3055=ORIENTED_EDGE('',*,*,#2171,.T.);
#3056=ORIENTED_EDGE('',*,*,#2151,.T.);
#3057=ORIENTED_EDGE('',*,*,#2172,.F.);
#3058=ORIENTED_EDGE('',*,*,#2173,.F.);
#3059=ORIENTED_EDGE('',*,*,#2174,.F.);
#3060=ORIENTED_EDGE('',*,*,#2155,.T.);
#3061=ORIENTED_EDGE('',*,*,#2175,.F.);
#3062=ORIENTED_EDGE('',*,*,#2176,.T.);
#3063=ORIENTED_EDGE('',*,*,#2177,.F.);
#3064=ORIENTED_EDGE('',*,*,#2178,.F.);
#3065=ORIENTED_EDGE('',*,*,#2179,.F.);
#3066=ORIENTED_EDGE('',*,*,#2180,.F.);
#3067=ORIENTED_EDGE('',*,*,#2181,.F.);
#3068=ORIENTED_EDGE('',*,*,#2182,.F.);
#3069=ORIENTED_EDGE('',*,*,#2183,.T.);
#3070=ORIENTED_EDGE('',*,*,#2184,.T.);
#3071=ORIENTED_EDGE('',*,*,#2167,.T.);
#3072=ORIENTED_EDGE('',*,*,#2185,.T.);
#3073=ORIENTED_EDGE('',*,*,#2186,.T.);
#3074=ORIENTED_EDGE('',*,*,#2185,.F.);
#3075=ORIENTED_EDGE('',*,*,#2168,.T.);
#3076=ORIENTED_EDGE('',*,*,#2187,.T.);
#3077=ORIENTED_EDGE('',*,*,#2188,.T.);
#3078=ORIENTED_EDGE('',*,*,#2187,.F.);
#3079=ORIENTED_EDGE('',*,*,#2189,.T.);
#3080=ORIENTED_EDGE('',*,*,#2161,.F.);
#3081=ORIENTED_EDGE('',*,*,#2190,.T.);
#3082=ORIENTED_EDGE('',*,*,#2191,.T.);
#3083=ORIENTED_EDGE('',*,*,#2189,.F.);
#3084=ORIENTED_EDGE('',*,*,#2192,.T.);
#3085=ORIENTED_EDGE('',*,*,#2193,.F.);
#3086=ORIENTED_EDGE('',*,*,#2162,.F.);
#3087=ORIENTED_EDGE('',*,*,#2192,.F.);
#3088=ORIENTED_EDGE('',*,*,#2191,.F.);
#3089=ORIENTED_EDGE('',*,*,#2194,.F.);
#3090=ORIENTED_EDGE('',*,*,#2195,.T.);
#3091=ORIENTED_EDGE('',*,*,#2196,.F.);
#3092=ORIENTED_EDGE('',*,*,#2186,.F.);
#3093=ORIENTED_EDGE('',*,*,#2188,.F.);
#3094=ORIENTED_EDGE('',*,*,#2160,.F.);
#3095=ORIENTED_EDGE('',*,*,#2197,.T.);
#3096=ORIENTED_EDGE('',*,*,#2194,.T.);
#3097=ORIENTED_EDGE('',*,*,#2190,.F.);
#3098=ORIENTED_EDGE('',*,*,#2163,.F.);
#3099=ORIENTED_EDGE('',*,*,#2193,.T.);
#3100=ORIENTED_EDGE('',*,*,#2196,.T.);
#3101=ORIENTED_EDGE('',*,*,#2198,.T.);
#3102=ORIENTED_EDGE('',*,*,#2199,.F.);
#3103=ORIENTED_EDGE('',*,*,#2200,.T.);
#3104=ORIENTED_EDGE('',*,*,#2201,.T.);
#3105=ORIENTED_EDGE('',*,*,#2170,.F.);
#3106=ORIENTED_EDGE('',*,*,#2202,.T.);
#3107=ORIENTED_EDGE('',*,*,#2203,.T.);
#3108=ORIENTED_EDGE('',*,*,#2204,.T.);
#3109=ORIENTED_EDGE('',*,*,#2200,.F.);
#3110=ORIENTED_EDGE('',*,*,#2205,.F.);
#3111=ORIENTED_EDGE('',*,*,#2165,.T.);
#3112=ORIENTED_EDGE('',*,*,#2206,.T.);
#3113=ORIENTED_EDGE('',*,*,#2203,.F.);
#3114=ORIENTED_EDGE('',*,*,#2198,.F.);
#3115=ORIENTED_EDGE('',*,*,#2195,.F.);
#3116=ORIENTED_EDGE('',*,*,#2197,.F.);
#3117=ORIENTED_EDGE('',*,*,#2159,.F.);
#3118=ORIENTED_EDGE('',*,*,#2156,.F.);
#3119=ORIENTED_EDGE('',*,*,#2182,.T.);
#3120=ORIENTED_EDGE('',*,*,#2207,.T.);
#3121=ORIENTED_EDGE('',*,*,#2208,.T.);
#3122=ORIENTED_EDGE('',*,*,#2209,.T.);
#3123=ORIENTED_EDGE('',*,*,#2177,.T.);
#3124=ORIENTED_EDGE('',*,*,#2210,.T.);
#3125=ORIENTED_EDGE('',*,*,#2211,.T.);
#3126=ORIENTED_EDGE('',*,*,#2212,.T.);
#3127=ORIENTED_EDGE('',*,*,#2172,.T.);
#3128=ORIENTED_EDGE('',*,*,#2154,.T.);
#3129=ORIENTED_EDGE('',*,*,#2171,.F.);
#3130=ORIENTED_EDGE('',*,*,#2201,.F.);
#3131=ORIENTED_EDGE('',*,*,#2204,.F.);
#3132=ORIENTED_EDGE('',*,*,#2206,.F.);
#3133=ORIENTED_EDGE('',*,*,#2164,.F.);
#3134=ORIENTED_EDGE('',*,*,#2205,.T.);
#3135=ORIENTED_EDGE('',*,*,#2202,.F.);
#3136=ORIENTED_EDGE('',*,*,#2199,.T.);
#3137=ORIENTED_EDGE('',*,*,#2169,.F.);
#3138=ORIENTED_EDGE('',*,*,#2152,.F.);
#3139=ORIENTED_EDGE('',*,*,#2174,.T.);
#3140=ORIENTED_EDGE('',*,*,#2213,.F.);
#3141=ORIENTED_EDGE('',*,*,#2214,.T.);
#3142=ORIENTED_EDGE('',*,*,#2215,.F.);
#3143=ORIENTED_EDGE('',*,*,#2175,.T.);
#3144=ORIENTED_EDGE('',*,*,#2158,.T.);
#3145=ORIENTED_EDGE('',*,*,#2166,.F.);
#3146=ORIENTED_EDGE('',*,*,#2184,.F.);
#3147=ORIENTED_EDGE('',*,*,#2216,.T.);
#3148=ORIENTED_EDGE('',*,*,#2217,.F.);
#3149=ORIENTED_EDGE('',*,*,#2216,.F.);
#3150=ORIENTED_EDGE('',*,*,#2183,.F.);
#3151=ORIENTED_EDGE('',*,*,#2218,.T.);
#3152=ORIENTED_EDGE('',*,*,#2219,.F.);
#3153=ORIENTED_EDGE('',*,*,#2218,.F.);
#3154=ORIENTED_EDGE('',*,*,#2220,.F.);
#3155=ORIENTED_EDGE('',*,*,#2221,.F.);
#3156=ORIENTED_EDGE('',*,*,#2222,.F.);
#3157=ORIENTED_EDGE('',*,*,#2180,.T.);
#3158=ORIENTED_EDGE('',*,*,#2220,.T.);
#3159=ORIENTED_EDGE('',*,*,#2179,.T.);
#3160=ORIENTED_EDGE('',*,*,#2223,.T.);
#3161=ORIENTED_EDGE('',*,*,#2224,.F.);
#3162=ORIENTED_EDGE('',*,*,#2224,.T.);
#3163=ORIENTED_EDGE('',*,*,#2225,.T.);
#3164=ORIENTED_EDGE('',*,*,#2208,.F.);
#3165=ORIENTED_EDGE('',*,*,#2226,.T.);
#3166=ORIENTED_EDGE('',*,*,#2221,.T.);
#3167=ORIENTED_EDGE('',*,*,#2217,.T.);
#3168=ORIENTED_EDGE('',*,*,#2219,.T.);
#3169=ORIENTED_EDGE('',*,*,#2181,.T.);
#3170=ORIENTED_EDGE('',*,*,#2222,.T.);
#3171=ORIENTED_EDGE('',*,*,#2226,.F.);
#3172=ORIENTED_EDGE('',*,*,#2207,.F.);
#3173=ORIENTED_EDGE('',*,*,#2178,.T.);
#3174=ORIENTED_EDGE('',*,*,#2209,.F.);
#3175=ORIENTED_EDGE('',*,*,#2225,.F.);
#3176=ORIENTED_EDGE('',*,*,#2223,.F.);
#3177=ORIENTED_EDGE('',*,*,#2213,.T.);
#3178=ORIENTED_EDGE('',*,*,#2173,.T.);
#3179=ORIENTED_EDGE('',*,*,#2212,.F.);
#3180=ORIENTED_EDGE('',*,*,#2227,.F.);
#3181=ORIENTED_EDGE('',*,*,#2214,.F.);
#3182=ORIENTED_EDGE('',*,*,#2227,.T.);
#3183=ORIENTED_EDGE('',*,*,#2211,.F.);
#3184=ORIENTED_EDGE('',*,*,#2228,.F.);
#3185=ORIENTED_EDGE('',*,*,#2215,.T.);
#3186=ORIENTED_EDGE('',*,*,#2228,.T.);
#3187=ORIENTED_EDGE('',*,*,#2210,.F.);
#3188=ORIENTED_EDGE('',*,*,#2176,.F.);
#3189=PLANE('',#3580);
#3190=PLANE('',#3581);
#3191=PLANE('',#3582);
#3192=PLANE('',#3583);
#3193=PLANE('',#3584);
#3194=PLANE('',#3585);
#3195=PLANE('',#3586);
#3196=PLANE('',#3587);
#3197=PLANE('',#3588);
#3198=PLANE('',#3589);
#3199=PLANE('',#3590);
#3200=PLANE('',#3591);
#3201=PLANE('',#3592);
#3202=PLANE('',#3593);
#3203=PLANE('',#3597);
#3204=PLANE('',#3598);
#3205=PLANE('',#3599);
#3206=PLANE('',#3600);
#3207=PLANE('',#3601);
#3208=PLANE('',#3602);
#3209=PLANE('',#3603);
#3210=PLANE('',#3604);
#3211=PLANE('',#3605);
#3212=PLANE('',#3606);
#3213=PLANE('',#3607);
#3214=PLANE('',#3608);
#3215=PLANE('',#3609);
#3216=PLANE('',#3610);
#3217=PLANE('',#3611);
#3218=PLANE('',#3612);
#3219=PLANE('',#3613);
#3220=PLANE('',#3614);
#3221=PLANE('',#3615);
#3222=PLANE('',#3622);
#3223=PLANE('',#3626);
#3224=PLANE('',#3630);
#3225=PLANE('',#3631);
#3226=PLANE('',#3648);
#3227=PLANE('',#3649);
#3228=PLANE('',#3650);
#3229=PLANE('',#3651);
#3230=PLANE('',#3652);
#3231=PLANE('',#3653);
#3232=PLANE('',#3654);
#3233=PLANE('',#3655);
#3234=PLANE('',#3656);
#3235=PLANE('',#3657);
#3236=PLANE('',#3683);
#3237=PLANE('',#3684);
#3238=PLANE('',#3685);
#3239=PLANE('',#3689);
#3240=PLANE('',#3690);
#3241=PLANE('',#3691);
#3242=PLANE('',#3692);
#3243=PLANE('',#3693);
#3244=PLANE('',#3694);
#3245=PLANE('',#3695);
#3246=PLANE('',#3696);
#3247=PLANE('',#3698);
#3248=PLANE('',#3702);
#3249=PLANE('',#3706);
#3250=PLANE('',#3709);
#3251=PLANE('',#3713);
#3252=PLANE('',#3714);
#3253=PLANE('',#3717);
#3254=PLANE('',#3720);
#3255=PLANE('',#3724);
#3256=PLANE('',#3725);
#3257=PLANE('',#3726);
#3258=PLANE('',#3729);
#3259=PLANE('',#3734);
#3260=PLANE('',#3735);
#3261=PLANE('',#3746);
#3262=PLANE('',#3761);
#3263=PLANE('',#3762);
#3264=PLANE('',#3763);
#3265=PLANE('',#3765);
#3266=PLANE('',#3766);
#3267=PLANE('',#3767);
#3268=PLANE('',#3768);
#3269=PLANE('',#3769);
#3270=PLANE('',#3770);
#3271=PLANE('',#3771);
#3272=PLANE('',#3772);
#3273=PLANE('',#3773);
#3274=PLANE('',#3774);
#3275=PLANE('',#3775);
#3276=PLANE('',#3776);
#3277=PLANE('',#3777);
#3278=PLANE('',#3778);
#3279=PLANE('',#3779);
#3280=PLANE('',#3780);
#3281=PLANE('',#3781);
#3282=PLANE('',#3782);
#3283=PLANE('',#3783);
#3284=PLANE('',#3784);
#3285=PLANE('',#3785);
#3286=PLANE('',#3786);
#3287=PLANE('',#3787);
#3288=PLANE('',#3788);
#3289=PLANE('',#3789);
#3290=PLANE('',#3793);
#3291=PLANE('',#3794);
#3292=PLANE('',#3795);
#3293=PLANE('',#3802);
#3294=PLANE('',#3803);
#3295=PLANE('',#3804);
#3296=PLANE('',#3808);
#3297=PLANE('',#3809);
#3298=PLANE('',#3811);
#3299=PLANE('',#3812);
#3300=PLANE('',#3813);
#3301=PLANE('',#3818);
#3302=PLANE('',#3819);
#3303=PLANE('',#3820);
#3304=PLANE('',#3833);
#3305=PLANE('',#3834);
#3306=PLANE('',#3835);
#3307=PLANE('',#3839);
#3308=PLANE('',#3843);
#3309=PLANE('',#3846);
#3310=PLANE('',#3857);
#3311=PLANE('',#3858);
#3312=PLANE('',#3859);
#3313=PLANE('',#3861);
#3314=ADVANCED_FACE('',(#278),#3189,.F.);
#3315=ADVANCED_FACE('',(#279),#3190,.F.);
#3316=ADVANCED_FACE('',(#280),#3191,.F.);
#3317=ADVANCED_FACE('',(#281),#3192,.F.);
#3318=ADVANCED_FACE('',(#282),#3193,.F.);
#3319=ADVANCED_FACE('',(#283),#3194,.F.);
#3320=ADVANCED_FACE('',(#284),#3195,.F.);
#3321=ADVANCED_FACE('',(#285),#3196,.F.);
#3322=ADVANCED_FACE('',(#286),#3197,.F.);
#3323=ADVANCED_FACE('',(#287),#3198,.F.);
#3324=ADVANCED_FACE('',(#288),#3199,.F.);
#3325=ADVANCED_FACE('',(#289),#3200,.T.);
#3326=ADVANCED_FACE('',(#290,#228),#3201,.T.);
#3327=ADVANCED_FACE('',(#291),#3202,.F.);
#3328=ADVANCED_FACE('',(#292),#174,.F.);
#3329=ADVANCED_FACE('',(#293),#3203,.F.);
#3330=ADVANCED_FACE('',(#294),#3204,.F.);
#3331=ADVANCED_FACE('',(#295),#3205,.F.);
#3332=ADVANCED_FACE('',(#296),#3206,.F.);
#3333=ADVANCED_FACE('',(#297),#3207,.F.);
#3334=ADVANCED_FACE('',(#298,#229),#3208,.F.);
#3335=ADVANCED_FACE('',(#299),#3209,.F.);
#3336=ADVANCED_FACE('',(#300),#3210,.F.);
#3337=ADVANCED_FACE('',(#301),#3211,.F.);
#3338=ADVANCED_FACE('',(#302),#3212,.F.);
#3339=ADVANCED_FACE('',(#303,#230),#3213,.T.);
#3340=ADVANCED_FACE('',(#304),#3214,.T.);
#3341=ADVANCED_FACE('',(#305),#3215,.T.);
#3342=ADVANCED_FACE('',(#306,#231),#3216,.T.);
#3343=ADVANCED_FACE('',(#307),#3217,.T.);
#3344=ADVANCED_FACE('',(#308),#3218,.T.);
#3345=ADVANCED_FACE('',(#309),#3219,.T.);
#3346=ADVANCED_FACE('',(#310),#3220,.T.);
#3347=ADVANCED_FACE('',(#311,#232),#3221,.T.);
#3348=ADVANCED_FACE('',(#312),#175,.F.);
#3349=ADVANCED_FACE('',(#313),#176,.F.);
#3350=ADVANCED_FACE('',(#314,#233),#177,.F.);
#3351=ADVANCED_FACE('',(#315),#3222,.F.);
#3352=ADVANCED_FACE('',(#316,#234),#178,.F.);
#3353=ADVANCED_FACE('',(#317),#3223,.T.);
#3354=ADVANCED_FACE('',(#318,#235,#236),#179,.T.);
#3355=ADVANCED_FACE('',(#319,#237),#3224,.T.);
#3356=ADVANCED_FACE('',(#320,#238),#3225,.F.);
#3357=ADVANCED_FACE('',(#321),#180,.F.);
#3358=ADVANCED_FACE('',(#322),#181,.F.);
#3359=ADVANCED_FACE('',(#323),#182,.F.);
#3360=ADVANCED_FACE('',(#324),#183,.F.);
#3361=ADVANCED_FACE('',(#325),#184,.F.);
#3362=ADVANCED_FACE('',(#326,#239,#240,#241),#3226,.T.);
#3363=ADVANCED_FACE('',(#327,#242,#243,#244),#3227,.F.);
#3364=ADVANCED_FACE('',(#328),#3228,.T.);
#3365=ADVANCED_FACE('',(#329,#245),#3229,.T.);
#3366=ADVANCED_FACE('',(#330),#3230,.T.);
#3367=ADVANCED_FACE('',(#331,#246),#3231,.T.);
#3368=ADVANCED_FACE('',(#332),#3232,.T.);
#3369=ADVANCED_FACE('',(#333,#247),#3233,.T.);
#3370=ADVANCED_FACE('',(#334,#248),#3234,.T.);
#3371=ADVANCED_FACE('',(#335),#3235,.F.);
#3372=ADVANCED_FACE('',(#336),#185,.F.);
#3373=ADVANCED_FACE('',(#337),#186,.F.);
#3374=ADVANCED_FACE('',(#338),#187,.T.);
#3375=ADVANCED_FACE('',(#339),#188,.T.);
#3376=ADVANCED_FACE('',(#340),#189,.T.);
#3377=ADVANCED_FACE('',(#341),#190,.T.);
#3378=ADVANCED_FACE('',(#342),#191,.T.);
#3379=ADVANCED_FACE('',(#343),#192,.T.);
#3380=ADVANCED_FACE('',(#344),#193,.T.);
#3381=ADVANCED_FACE('',(#345),#194,.T.);
#3382=ADVANCED_FACE('',(#346,#249),#3236,.F.);
#3383=ADVANCED_FACE('',(#347),#3237,.T.);
#3384=ADVANCED_FACE('',(#348,#250,#251,#252),#3238,.T.);
#3385=ADVANCED_FACE('',(#349),#3239,.T.);
#3386=ADVANCED_FACE('',(#350),#3240,.T.);
#3387=ADVANCED_FACE('',(#351),#3241,.T.);
#3388=ADVANCED_FACE('',(#352),#3242,.F.);
#3389=ADVANCED_FACE('',(#353,#253),#3243,.F.);
#3390=ADVANCED_FACE('',(#354),#3244,.T.);
#3391=ADVANCED_FACE('',(#355),#3245,.F.);
#3392=ADVANCED_FACE('',(#356),#3246,.F.);
#3393=ADVANCED_FACE('',(#357),#3247,.T.);
#3394=ADVANCED_FACE('',(#358),#195,.F.);
#3395=ADVANCED_FACE('',(#359),#3248,.F.);
#3396=ADVANCED_FACE('',(#360),#196,.F.);
#3397=ADVANCED_FACE('',(#361),#3249,.F.);
#3398=ADVANCED_FACE('',(#362),#197,.F.);
#3399=ADVANCED_FACE('',(#363),#3250,.F.);
#3400=ADVANCED_FACE('',(#364),#198,.F.);
#3401=ADVANCED_FACE('',(#365),#3251,.T.);
#3402=ADVANCED_FACE('',(#366,#254,#255,#256),#3252,.F.);
#3403=ADVANCED_FACE('',(#367),#199,.F.);
#3404=ADVANCED_FACE('',(#368),#3253,.T.);
#3405=ADVANCED_FACE('',(#369),#200,.F.);
#3406=ADVANCED_FACE('',(#370),#3254,.T.);
#3407=ADVANCED_FACE('',(#371),#201,.F.);
#3408=ADVANCED_FACE('',(#372),#3255,.T.);
#3409=ADVANCED_FACE('',(#373),#3256,.F.);
#3410=ADVANCED_FACE('',(#374),#3257,.T.);
#3411=ADVANCED_FACE('',(#375),#202,.F.);
#3412=ADVANCED_FACE('',(#376),#3258,.F.);
#3413=ADVANCED_FACE('',(#377),#203,.T.);
#3414=ADVANCED_FACE('',(#378),#3259,.T.);
#3415=ADVANCED_FACE('',(#379,#257,#258,#259,#260,#261),#3260,.T.);
#3416=ADVANCED_FACE('',(#380),#204,.T.);
#3417=ADVANCED_FACE('',(#381),#3261,.T.);
#3418=ADVANCED_FACE('',(#382),#205,.T.);
#3419=ADVANCED_FACE('',(#383),#206,.T.);
#3420=ADVANCED_FACE('',(#384),#207,.F.);
#3421=ADVANCED_FACE('',(#385),#208,.F.);
#3422=ADVANCED_FACE('',(#386),#209,.F.);
#3423=ADVANCED_FACE('',(#387),#210,.F.);
#3424=ADVANCED_FACE('',(#388),#211,.F.);
#3425=ADVANCED_FACE('',(#389),#3262,.T.);
#3426=ADVANCED_FACE('',(#390),#3263,.T.);
#3427=ADVANCED_FACE('',(#391,#262,#263,#264,#265,#266),#3264,.F.);
#3428=ADVANCED_FACE('',(#392),#3265,.F.);
#3429=ADVANCED_FACE('',(#393),#3266,.F.);
#3430=ADVANCED_FACE('',(#394),#3267,.F.);
#3431=ADVANCED_FACE('',(#395),#3268,.F.);
#3432=ADVANCED_FACE('',(#396),#3269,.F.);
#3433=ADVANCED_FACE('',(#397),#3270,.F.);
#3434=ADVANCED_FACE('',(#398),#3271,.F.);
#3435=ADVANCED_FACE('',(#399),#3272,.F.);
#3436=ADVANCED_FACE('',(#400),#3273,.F.);
#3437=ADVANCED_FACE('',(#401),#3274,.F.);
#3438=ADVANCED_FACE('',(#402),#3275,.F.);
#3439=ADVANCED_FACE('',(#403),#3276,.F.);
#3440=ADVANCED_FACE('',(#404),#3277,.F.);
#3441=ADVANCED_FACE('',(#405),#3278,.F.);
#3442=ADVANCED_FACE('',(#406),#3279,.F.);
#3443=ADVANCED_FACE('',(#407),#3280,.F.);
#3444=ADVANCED_FACE('',(#408),#3281,.F.);
#3445=ADVANCED_FACE('',(#409),#3282,.F.);
#3446=ADVANCED_FACE('',(#410),#3283,.F.);
#3447=ADVANCED_FACE('',(#411),#3284,.F.);
#3448=ADVANCED_FACE('',(#412),#3285,.F.);
#3449=ADVANCED_FACE('',(#413),#3286,.F.);
#3450=ADVANCED_FACE('',(#414),#3287,.F.);
#3451=ADVANCED_FACE('',(#415),#3288,.F.);
#3452=ADVANCED_FACE('',(#416,#267),#3289,.F.);
#3453=ADVANCED_FACE('',(#417),#212,.T.);
#3454=ADVANCED_FACE('',(#418),#3290,.F.);
#3455=ADVANCED_FACE('',(#419),#3291,.F.);
#3456=ADVANCED_FACE('',(#420),#3292,.F.);
#3457=ADVANCED_FACE('',(#421),#213,.T.);
#3458=ADVANCED_FACE('',(#422),#214,.T.);
#3459=ADVANCED_FACE('',(#423),#3293,.T.);
#3460=ADVANCED_FACE('',(#424),#3294,.T.);
#3461=ADVANCED_FACE('',(#425),#3295,.T.);
#3462=ADVANCED_FACE('',(#426),#215,.T.);
#3463=ADVANCED_FACE('',(#427,#268),#3296,.T.);
#3464=ADVANCED_FACE('',(#428,#269),#3297,.F.);
#3465=ADVANCED_FACE('',(#429),#3298,.T.);
#3466=ADVANCED_FACE('',(#430),#3299,.T.);
#3467=ADVANCED_FACE('',(#431,#270,#271),#3300,.F.);
#3468=ADVANCED_FACE('',(#432),#3301,.F.);
#3469=ADVANCED_FACE('',(#433),#3302,.T.);
#3470=ADVANCED_FACE('',(#434,#272,#273),#3303,.T.);
#3471=ADVANCED_FACE('',(#435),#216,.F.);
#3472=ADVANCED_FACE('',(#436),#217,.F.);
#3473=ADVANCED_FACE('',(#437),#218,.T.);
#3474=ADVANCED_FACE('',(#438),#219,.T.);
#3475=ADVANCED_FACE('',(#439,#274,#275),#3304,.F.);
#3476=ADVANCED_FACE('',(#440),#3305,.F.);
#3477=ADVANCED_FACE('',(#441),#3306,.F.);
#3478=ADVANCED_FACE('',(#442),#220,.T.);
#3479=ADVANCED_FACE('',(#443),#3307,.F.);
#3480=ADVANCED_FACE('',(#444),#221,.T.);
#3481=ADVANCED_FACE('',(#445),#3308,.F.);
#3482=ADVANCED_FACE('',(#446),#3309,.T.);
#3483=ADVANCED_FACE('',(#447),#222,.F.);
#3484=ADVANCED_FACE('',(#448),#223,.F.);
#3485=ADVANCED_FACE('',(#449),#224,.T.);
#3486=ADVANCED_FACE('',(#450),#225,.T.);
#3487=ADVANCED_FACE('',(#451,#276,#277),#3310,.T.);
#3488=ADVANCED_FACE('',(#452),#3311,.T.);
#3489=ADVANCED_FACE('',(#453),#3312,.T.);
#3490=ADVANCED_FACE('',(#454),#226,.T.);
#3491=ADVANCED_FACE('',(#455),#3313,.T.);
#3492=ADVANCED_FACE('',(#456),#227,.T.);
#3493=CLOSED_SHELL('',(#3314,#3315,#3316,#3317,#3318,#3319,#3320,#3321,
#3322,#3323,#3324,#3325,#3326,#3327,#3328,#3329,#3330,#3331,#3332,#3333,
#3334,#3335,#3336,#3337,#3338,#3339,#3340,#3341,#3342,#3343,#3344,#3345,
#3346,#3347));
#3494=CLOSED_SHELL('',(#3348,#3349,#3350,#3351,#3352,#3353,#3354,#3355,
#3356));
#3495=CLOSED_SHELL('',(#3357,#3358,#3359,#3360,#3361,#3362,#3363,#3364,
#3365,#3366,#3367,#3368,#3369,#3370,#3371));
#3496=CLOSED_SHELL('',(#3372,#3373,#3374,#3375,#3376,#3377,#3378,#3379,
#3380,#3381,#3382,#3383,#3384,#3385,#3386,#3387,#3388,#3389,#3390,#3391,
#3392,#3393,#3394,#3395,#3396,#3397,#3398,#3399,#3400,#3401,#3402,#3403,
#3404,#3405,#3406,#3407,#3408,#3409,#3410,#3411,#3412));
#3497=CLOSED_SHELL('',(#3413,#3414,#3415,#3416,#3417,#3418,#3419,#3420,
#3421,#3422,#3423,#3424,#3425,#3426,#3427));
#3498=CLOSED_SHELL('',(#3428,#3429,#3430,#3431,#3432,#3433,#3434,#3435,
#3436,#3437,#3438,#3439,#3440,#3441,#3442,#3443,#3444,#3445,#3446,#3447,
#3448,#3449,#3450,#3451,#3452,#3453,#3454,#3455,#3456,#3457,#3458,#3459,
#3460,#3461,#3462,#3463,#3464));
#3499=CLOSED_SHELL('',(#3465,#3466,#3467,#3468,#3469,#3470,#3471,#3472,
#3473,#3474,#3475,#3476,#3477,#3478,#3479,#3480,#3481,#3482,#3483,#3484,
#3485,#3486,#3487,#3488,#3489,#3490,#3491,#3492));
#3500=DERIVED_UNIT_ELEMENT(#3514,1.);
#3501=DERIVED_UNIT_ELEMENT(#5982,-3.);
#3502=DERIVED_UNIT_ELEMENT(#3514,1.);
#3503=DERIVED_UNIT_ELEMENT(#5982,-3.);
#3504=DERIVED_UNIT_ELEMENT(#3514,1.);
#3505=DERIVED_UNIT_ELEMENT(#5982,-3.);
#3506=DERIVED_UNIT_ELEMENT(#3514,1.);
#3507=DERIVED_UNIT_ELEMENT(#5982,-3.);
#3508=DERIVED_UNIT_ELEMENT(#3514,1.);
#3509=DERIVED_UNIT_ELEMENT(#5982,-3.);
#3510=DERIVED_UNIT_ELEMENT(#3514,1.);
#3511=DERIVED_UNIT_ELEMENT(#5982,-3.);
#3512=DERIVED_UNIT_ELEMENT(#3514,1.);
#3513=DERIVED_UNIT_ELEMENT(#5982,-3.);
#3514=(
MASS_UNIT()
NAMED_UNIT(*)
SI_UNIT(.KILO.,.GRAM.)
);
#3515=DERIVED_UNIT((#3500,#3501));
#3516=DERIVED_UNIT((#3502,#3503));
#3517=DERIVED_UNIT((#3504,#3505));
#3518=DERIVED_UNIT((#3506,#3507));
#3519=DERIVED_UNIT((#3508,#3509));
#3520=DERIVED_UNIT((#3510,#3511));
#3521=DERIVED_UNIT((#3512,#3513));
#3522=MEASURE_REPRESENTATION_ITEM('density measure',
POSITIVE_RATIO_MEASURE(1240.),#3515);
#3523=MEASURE_REPRESENTATION_ITEM('density measure',
POSITIVE_RATIO_MEASURE(1240.),#3516);
#3524=MEASURE_REPRESENTATION_ITEM('density measure',
POSITIVE_RATIO_MEASURE(1541.),#3517);
#3525=MEASURE_REPRESENTATION_ITEM('density measure',
POSITIVE_RATIO_MEASURE(1541.),#3518);
#3526=MEASURE_REPRESENTATION_ITEM('density measure',
POSITIVE_RATIO_MEASURE(1541.),#3519);
#3527=MEASURE_REPRESENTATION_ITEM('density measure',
POSITIVE_RATIO_MEASURE(1240.),#3520);
#3528=MEASURE_REPRESENTATION_ITEM('density measure',
POSITIVE_RATIO_MEASURE(1240.),#3521);
#3529=PROPERTY_DEFINITION_REPRESENTATION(#3564,#3543);
#3530=PROPERTY_DEFINITION_REPRESENTATION(#3565,#3544);
#3531=PROPERTY_DEFINITION_REPRESENTATION(#3566,#3545);
#3532=PROPERTY_DEFINITION_REPRESENTATION(#3567,#3546);
#3533=PROPERTY_DEFINITION_REPRESENTATION(#3568,#3547);
#3534=PROPERTY_DEFINITION_REPRESENTATION(#3569,#3548);
#3535=PROPERTY_DEFINITION_REPRESENTATION(#3570,#3549);
#3536=PROPERTY_DEFINITION_REPRESENTATION(#3571,#3550);
#3537=PROPERTY_DEFINITION_REPRESENTATION(#3572,#3551);
#3538=PROPERTY_DEFINITION_REPRESENTATION(#3573,#3552);
#3539=PROPERTY_DEFINITION_REPRESENTATION(#3574,#3553);
#3540=PROPERTY_DEFINITION_REPRESENTATION(#3575,#3554);
#3541=PROPERTY_DEFINITION_REPRESENTATION(#3576,#3555);
#3542=PROPERTY_DEFINITION_REPRESENTATION(#3577,#3556);
#3543=REPRESENTATION('material name',(#3557),#5973);
#3544=REPRESENTATION('density',(#3522),#5973);
#3545=REPRESENTATION('material name',(#3558),#5974);
#3546=REPRESENTATION('density',(#3523),#5974);
#3547=REPRESENTATION('material name',(#3559),#5975);
#3548=REPRESENTATION('density',(#3524),#5975);
#3549=REPRESENTATION('material name',(#3560),#5976);
#3550=REPRESENTATION('density',(#3525),#5976);
#3551=REPRESENTATION('material name',(#3561),#5977);
#3552=REPRESENTATION('density',(#3526),#5977);
#3553=REPRESENTATION('material name',(#3562),#5978);
#3554=REPRESENTATION('density',(#3527),#5978);
#3555=REPRESENTATION('material name',(#3563),#5979);
#3556=REPRESENTATION('density',(#3528),#5979);
#3557=DESCRIPTIVE_REPRESENTATION_ITEM('PLA_Impreso','PLA_Impreso');
#3558=DESCRIPTIVE_REPRESENTATION_ITEM('PLA_Impreso','PLA_Impreso');
#3559=DESCRIPTIVE_REPRESENTATION_ITEM('PLA_Impreso','PLA_Impreso');
#3560=DESCRIPTIVE_REPRESENTATION_ITEM('PLA_Impreso','PLA_Impreso');
#3561=DESCRIPTIVE_REPRESENTATION_ITEM('PLA_Impreso','PLA_Impreso');
#3562=DESCRIPTIVE_REPRESENTATION_ITEM('PLA_Impreso','PLA_Impreso');
#3563=DESCRIPTIVE_REPRESENTATION_ITEM('PLA_Impreso','PLA_Impreso');
#3564=PROPERTY_DEFINITION('material property','material name',#6018);
#3565=PROPERTY_DEFINITION('material property','density of part',#6018);
#3566=PROPERTY_DEFINITION('material property','material name',#6019);
#3567=PROPERTY_DEFINITION('material property','density of part',#6019);
#3568=PROPERTY_DEFINITION('material property','material name',#6020);
#3569=PROPERTY_DEFINITION('material property','density of part',#6020);
#3570=PROPERTY_DEFINITION('material property','material name',#6021);
#3571=PROPERTY_DEFINITION('material property','density of part',#6021);
#3572=PROPERTY_DEFINITION('material property','material name',#6022);
#3573=PROPERTY_DEFINITION('material property','density of part',#6022);
#3574=PROPERTY_DEFINITION('material property','material name',#6023);
#3575=PROPERTY_DEFINITION('material property','density of part',#6023);
#3576=PROPERTY_DEFINITION('material property','material name',#6024);
#3577=PROPERTY_DEFINITION('material property','density of part',#6024);
#3578=AXIS2_PLACEMENT_3D('',#4827,#3870,#3871);
#3579=AXIS2_PLACEMENT_3D('',#4828,#3872,#3873);
#3580=AXIS2_PLACEMENT_3D('',#4829,#3874,#3875);
#3581=AXIS2_PLACEMENT_3D('',#4844,#3883,#3884);
#3582=AXIS2_PLACEMENT_3D('',#4850,#3888,#3889);
#3583=AXIS2_PLACEMENT_3D('',#4854,#3892,#3893);
#3584=AXIS2_PLACEMENT_3D('',#4860,#3897,#3898);
#3585=AXIS2_PLACEMENT_3D('',#4864,#3901,#3902);
#3586=AXIS2_PLACEMENT_3D('',#4878,#3910,#3911);
#3587=AXIS2_PLACEMENT_3D('',#4886,#3916,#3917);
#3588=AXIS2_PLACEMENT_3D('',#4892,#3921,#3922);
#3589=AXIS2_PLACEMENT_3D('',#4900,#3927,#3928);
#3590=AXIS2_PLACEMENT_3D('',#4906,#3932,#3933);
#3591=AXIS2_PLACEMENT_3D('',#4912,#3937,#3938);
#3592=AXIS2_PLACEMENT_3D('',#4925,#3946,#3947);
#3593=AXIS2_PLACEMENT_3D('',#4942,#3956,#3957);
#3594=AXIS2_PLACEMENT_3D('',#4953,#3965,#3966);
#3595=AXIS2_PLACEMENT_3D('',#4955,#3967,#3968);
#3596=AXIS2_PLACEMENT_3D('',#4958,#3970,#3971);
#3597=AXIS2_PLACEMENT_3D('',#4959,#3972,#3973);
#3598=AXIS2_PLACEMENT_3D('',#4963,#3976,#3977);
#3599=AXIS2_PLACEMENT_3D('',#4967,#3980,#3981);
#3600=AXIS2_PLACEMENT_3D('',#4973,#3985,#3986);
#3601=AXIS2_PLACEMENT_3D('',#4979,#3990,#3991);
#3602=AXIS2_PLACEMENT_3D('',#4982,#3994,#3995);
#3603=AXIS2_PLACEMENT_3D('',#4984,#3997,#3998);
#3604=AXIS2_PLACEMENT_3D('',#4990,#4002,#4003);
#3605=AXIS2_PLACEMENT_3D('',#4994,#4006,#4007);
#3606=AXIS2_PLACEMENT_3D('',#4998,#4010,#4011);
#3607=AXIS2_PLACEMENT_3D('',#5000,#4013,#4014);
#3608=AXIS2_PLACEMENT_3D('',#5014,#4022,#4023);
#3609=AXIS2_PLACEMENT_3D('',#5020,#4028,#4029);
#3610=AXIS2_PLACEMENT_3D('',#5024,#4032,#4033);
#3611=AXIS2_PLACEMENT_3D('',#5028,#4036,#4037);
#3612=AXIS2_PLACEMENT_3D('',#5030,#4039,#4040);
#3613=AXIS2_PLACEMENT_3D('',#5032,#4042,#4043);
#3614=AXIS2_PLACEMENT_3D('',#5034,#4045,#4046);
#3615=AXIS2_PLACEMENT_3D('',#5035,#4047,#4048);
#3616=AXIS2_PLACEMENT_3D('',#5036,#4049,#4050);
#3617=AXIS2_PLACEMENT_3D('',#5037,#4051,#4052);
#3618=AXIS2_PLACEMENT_3D('',#5118,#4054,#4055);
#3619=AXIS2_PLACEMENT_3D('',#5204,#4057,#4058);
#3620=AXIS2_PLACEMENT_3D('',#5206,#4059,#4060);
#3621=AXIS2_PLACEMENT_3D('',#5209,#4062,#4063);
#3622=AXIS2_PLACEMENT_3D('',#5210,#4064,#4065);
#3623=AXIS2_PLACEMENT_3D('',#5211,#4066,#4067);
#3624=AXIS2_PLACEMENT_3D('',#5213,#4068,#4069);
#3625=AXIS2_PLACEMENT_3D('',#5216,#4071,#4072);
#3626=AXIS2_PLACEMENT_3D('',#5217,#4073,#4074);
#3627=AXIS2_PLACEMENT_3D('',#5218,#4075,#4076);
#3628=AXIS2_PLACEMENT_3D('',#5220,#4077,#4078);
#3629=AXIS2_PLACEMENT_3D('',#5223,#4080,#4081);
#3630=AXIS2_PLACEMENT_3D('',#5224,#4082,#4083);
#3631=AXIS2_PLACEMENT_3D('',#5225,#4084,#4085);
#3632=AXIS2_PLACEMENT_3D('',#5226,#4086,#4087);
#3633=AXIS2_PLACEMENT_3D('',#5227,#4088,#4089);
#3634=AXIS2_PLACEMENT_3D('',#5229,#4090,#4091);
#3635=AXIS2_PLACEMENT_3D('',#5232,#4093,#4094);
#3636=AXIS2_PLACEMENT_3D('',#5233,#4095,#4096);
#3637=AXIS2_PLACEMENT_3D('',#5235,#4097,#4098);
#3638=AXIS2_PLACEMENT_3D('',#5238,#4100,#4101);
#3639=AXIS2_PLACEMENT_3D('',#5239,#4102,#4103);
#3640=AXIS2_PLACEMENT_3D('',#5241,#4104,#4105);
#3641=AXIS2_PLACEMENT_3D('',#5244,#4107,#4108);
#3642=AXIS2_PLACEMENT_3D('',#5245,#4109,#4110);
#3643=AXIS2_PLACEMENT_3D('',#5247,#4111,#4112);
#3644=AXIS2_PLACEMENT_3D('',#5250,#4114,#4115);
#3645=AXIS2_PLACEMENT_3D('',#5251,#4116,#4117);
#3646=AXIS2_PLACEMENT_3D('',#5253,#4118,#4119);
#3647=AXIS2_PLACEMENT_3D('',#5256,#4121,#4122);
#3648=AXIS2_PLACEMENT_3D('',#5257,#4123,#4124);
#3649=AXIS2_PLACEMENT_3D('',#5266,#4129,#4130);
#3650=AXIS2_PLACEMENT_3D('',#5275,#4135,#4136);
#3651=AXIS2_PLACEMENT_3D('',#5281,#4140,#4141);
#3652=AXIS2_PLACEMENT_3D('',#5285,#4144,#4145);
#3653=AXIS2_PLACEMENT_3D('',#5294,#4151,#4152);
#3654=AXIS2_PLACEMENT_3D('',#5298,#4155,#4156);
#3655=AXIS2_PLACEMENT_3D('',#5302,#4159,#4160);
#3656=AXIS2_PLACEMENT_3D('',#5304,#4162,#4163);
#3657=AXIS2_PLACEMENT_3D('',#5306,#4165,#4166);
#3658=AXIS2_PLACEMENT_3D('',#5307,#4167,#4168);
#3659=AXIS2_PLACEMENT_3D('',#5308,#4169,#4170);
#3660=AXIS2_PLACEMENT_3D('',#5310,#4171,#4172);
#3661=AXIS2_PLACEMENT_3D('',#5313,#4174,#4175);
#3662=AXIS2_PLACEMENT_3D('',#5314,#4176,#4177);
#3663=AXIS2_PLACEMENT_3D('',#5316,#4178,#4179);
#3664=AXIS2_PLACEMENT_3D('',#5319,#4181,#4182);
#3665=AXIS2_PLACEMENT_3D('',#5320,#4183,#4184);
#3666=AXIS2_PLACEMENT_3D('',#5323,#4185,#4186);
#3667=AXIS2_PLACEMENT_3D('',#5325,#4187,#4188);
#3668=AXIS2_PLACEMENT_3D('',#5329,#4190,#4191);
#3669=AXIS2_PLACEMENT_3D('',#5331,#4193,#4194);
#3670=AXIS2_PLACEMENT_3D('',#5334,#4195,#4196);
#3671=AXIS2_PLACEMENT_3D('',#5338,#4198,#4199);
#3672=AXIS2_PLACEMENT_3D('',#5341,#4201,#4202);
#3673=AXIS2_PLACEMENT_3D('',#5342,#4203,#4204);
#3674=AXIS2_PLACEMENT_3D('',#5345,#4207,#4208);
#3675=AXIS2_PLACEMENT_3D('',#5349,#4210,#4211);
#3676=AXIS2_PLACEMENT_3D('',#5353,#4213,#4214);
#3677=AXIS2_PLACEMENT_3D('',#5355,#4216,#4217);
#3678=AXIS2_PLACEMENT_3D('',#5359,#4219,#4220);
#3679=AXIS2_PLACEMENT_3D('',#5361,#4222,#4223);
#3680=AXIS2_PLACEMENT_3D('',#5364,#4226,#4227);
#3681=AXIS2_PLACEMENT_3D('',#5369,#4230,#4231);
#3682=AXIS2_PLACEMENT_3D('',#5370,#4232,#4233);
#3683=AXIS2_PLACEMENT_3D('',#5373,#4236,#4237);
#3684=AXIS2_PLACEMENT_3D('',#5379,#4241,#4242);
#3685=AXIS2_PLACEMENT_3D('',#5387,#4247,#4248);
#3686=AXIS2_PLACEMENT_3D('',#5393,#4251,#4252);
#3687=AXIS2_PLACEMENT_3D('',#5396,#4254,#4255);
#3688=AXIS2_PLACEMENT_3D('',#5398,#4256,#4257);
#3689=AXIS2_PLACEMENT_3D('',#5399,#4258,#4259);
#3690=AXIS2_PLACEMENT_3D('',#5403,#4262,#4263);
#3691=AXIS2_PLACEMENT_3D('',#5404,#4264,#4265);
#3692=AXIS2_PLACEMENT_3D('',#5405,#4266,#4267);
#3693=AXIS2_PLACEMENT_3D('',#5409,#4270,#4271);
#3694=AXIS2_PLACEMENT_3D('',#5413,#4274,#4275);
#3695=AXIS2_PLACEMENT_3D('',#5421,#4280,#4281);
#3696=AXIS2_PLACEMENT_3D('',#5427,#4285,#4286);
#3697=AXIS2_PLACEMENT_3D('',#5433,#4289,#4290);
#3698=AXIS2_PLACEMENT_3D('',#5435,#4292,#4293);
#3699=AXIS2_PLACEMENT_3D('',#5439,#4296,#4297);
#3700=AXIS2_PLACEMENT_3D('',#5441,#4298,#4299);
#3701=AXIS2_PLACEMENT_3D('',#5444,#4301,#4302);
#3702=AXIS2_PLACEMENT_3D('',#5445,#4303,#4304);
#3703=AXIS2_PLACEMENT_3D('',#5446,#4305,#4306);
#3704=AXIS2_PLACEMENT_3D('',#5448,#4307,#4308);
#3705=AXIS2_PLACEMENT_3D('',#5451,#4310,#4311);
#3706=AXIS2_PLACEMENT_3D('',#5452,#4312,#4313);
#3707=AXIS2_PLACEMENT_3D('',#5453,#4314,#4315);
#3708=AXIS2_PLACEMENT_3D('',#5458,#4318,#4319);
#3709=AXIS2_PLACEMENT_3D('',#5459,#4320,#4321);
#3710=AXIS2_PLACEMENT_3D('',#5463,#4323,#4324);
#3711=AXIS2_PLACEMENT_3D('',#5465,#4326,#4327);
#3712=AXIS2_PLACEMENT_3D('',#5470,#4330,#4331);
#3713=AXIS2_PLACEMENT_3D('',#5471,#4332,#4333);
#3714=AXIS2_PLACEMENT_3D('',#5473,#4335,#4336);
#3715=AXIS2_PLACEMENT_3D('',#5475,#4338,#4339);
#3716=AXIS2_PLACEMENT_3D('',#5478,#4341,#4342);
#3717=AXIS2_PLACEMENT_3D('',#5479,#4343,#4344);
#3718=AXIS2_PLACEMENT_3D('',#5480,#4345,#4346);
#3719=AXIS2_PLACEMENT_3D('',#5483,#4348,#4349);
#3720=AXIS2_PLACEMENT_3D('',#5484,#4350,#4351);
#3721=AXIS2_PLACEMENT_3D('',#5485,#4352,#4353);
#3722=AXIS2_PLACEMENT_3D('',#5490,#4355,#4356);
#3723=AXIS2_PLACEMENT_3D('',#5493,#4358,#4359);
#3724=AXIS2_PLACEMENT_3D('',#5494,#4360,#4361);
#3725=AXIS2_PLACEMENT_3D('',#5497,#4364,#4365);
#3726=AXIS2_PLACEMENT_3D('',#5501,#4368,#4369);
#3727=AXIS2_PLACEMENT_3D('',#5504,#4371,#4372);
#3728=AXIS2_PLACEMENT_3D('',#5505,#4373,#4374);
#3729=AXIS2_PLACEMENT_3D('',#5507,#4376,#4377);
#3730=AXIS2_PLACEMENT_3D('',#5508,#4378,#4379);
#3731=AXIS2_PLACEMENT_3D('',#5509,#4380,#4381);
#3732=AXIS2_PLACEMENT_3D('',#5512,#4382,#4383);
#3733=AXIS2_PLACEMENT_3D('',#5516,#4385,#4386);
#3734=AXIS2_PLACEMENT_3D('',#5518,#4388,#4389);
#3735=AXIS2_PLACEMENT_3D('',#5524,#4393,#4394);
#3736=AXIS2_PLACEMENT_3D('',#5528,#4396,#4397);
#3737=AXIS2_PLACEMENT_3D('',#5532,#4399,#4400);
#3738=AXIS2_PLACEMENT_3D('',#5535,#4402,#4403);
#3739=AXIS2_PLACEMENT_3D('',#5537,#4404,#4405);
#3740=AXIS2_PLACEMENT_3D('',#5539,#4406,#4407);
#3741=AXIS2_PLACEMENT_3D('',#5541,#4408,#4409);
#3742=AXIS2_PLACEMENT_3D('',#5543,#4410,#4411);
#3743=AXIS2_PLACEMENT_3D('',#5545,#4412,#4413);
#3744=AXIS2_PLACEMENT_3D('',#5546,#4414,#4415);
#3745=AXIS2_PLACEMENT_3D('',#5550,#4417,#4418);
#3746=AXIS2_PLACEMENT_3D('',#5552,#4420,#4421);
#3747=AXIS2_PLACEMENT_3D('',#5556,#4424,#4425);
#3748=AXIS2_PLACEMENT_3D('',#5558,#4426,#4427);
#3749=AXIS2_PLACEMENT_3D('',#5560,#4429,#4430);
#3750=AXIS2_PLACEMENT_3D('',#5563,#4432,#4433);
#3751=AXIS2_PLACEMENT_3D('',#5564,#4434,#4435);
#3752=AXIS2_PLACEMENT_3D('',#5567,#4437,#4438);
#3753=AXIS2_PLACEMENT_3D('',#5568,#4439,#4440);
#3754=AXIS2_PLACEMENT_3D('',#5571,#4442,#4443);
#3755=AXIS2_PLACEMENT_3D('',#5572,#4444,#4445);
#3756=AXIS2_PLACEMENT_3D('',#5575,#4447,#4448);
#3757=AXIS2_PLACEMENT_3D('',#5576,#4449,#4450);
#3758=AXIS2_PLACEMENT_3D('',#5579,#4452,#4453);
#3759=AXIS2_PLACEMENT_3D('',#5580,#4454,#4455);
#3760=AXIS2_PLACEMENT_3D('',#5583,#4457,#4458);
#3761=AXIS2_PLACEMENT_3D('',#5584,#4459,#4460);
#3762=AXIS2_PLACEMENT_3D('',#5586,#4462,#4463);
#3763=AXIS2_PLACEMENT_3D('',#5588,#4465,#4466);
#3764=AXIS2_PLACEMENT_3D('',#5589,#4467,#4468);
#3765=AXIS2_PLACEMENT_3D('',#5590,#4469,#4470);
#3766=AXIS2_PLACEMENT_3D('',#5599,#4475,#4476);
#3767=AXIS2_PLACEMENT_3D('',#5608,#4481,#4482);
#3768=AXIS2_PLACEMENT_3D('',#5614,#4486,#4487);
#3769=AXIS2_PLACEMENT_3D('',#5620,#4491,#4492);
#3770=AXIS2_PLACEMENT_3D('',#5626,#4496,#4497);
#3771=AXIS2_PLACEMENT_3D('',#5630,#4500,#4501);
#3772=AXIS2_PLACEMENT_3D('',#5634,#4504,#4505);
#3773=AXIS2_PLACEMENT_3D('',#5636,#4507,#4508);
#3774=AXIS2_PLACEMENT_3D('',#5654,#4518,#4519);
#3775=AXIS2_PLACEMENT_3D('',#5663,#4524,#4525);
#3776=AXIS2_PLACEMENT_3D('',#5669,#4529,#4530);
#3777=AXIS2_PLACEMENT_3D('',#5675,#4534,#4535);
#3778=AXIS2_PLACEMENT_3D('',#5679,#4538,#4539);
#3779=AXIS2_PLACEMENT_3D('',#5685,#4543,#4544);
#3780=AXIS2_PLACEMENT_3D('',#5689,#4547,#4548);
#3781=AXIS2_PLACEMENT_3D('',#5691,#4550,#4551);
#3782=AXIS2_PLACEMENT_3D('',#5693,#4553,#4554);
#3783=AXIS2_PLACEMENT_3D('',#5702,#4559,#4560);
#3784=AXIS2_PLACEMENT_3D('',#5708,#4564,#4565);
#3785=AXIS2_PLACEMENT_3D('',#5714,#4569,#4570);
#3786=AXIS2_PLACEMENT_3D('',#5717,#4573,#4574);
#3787=AXIS2_PLACEMENT_3D('',#5723,#4578,#4579);
#3788=AXIS2_PLACEMENT_3D('',#5729,#4583,#4584);
#3789=AXIS2_PLACEMENT_3D('',#5734,#4589,#4590);
#3790=AXIS2_PLACEMENT_3D('',#5735,#4591,#4592);
#3791=AXIS2_PLACEMENT_3D('',#5738,#4593,#4594);
#3792=AXIS2_PLACEMENT_3D('',#5742,#4596,#4597);
#3793=AXIS2_PLACEMENT_3D('',#5744,#4599,#4600);
#3794=AXIS2_PLACEMENT_3D('',#5750,#4604,#4605);
#3795=AXIS2_PLACEMENT_3D('',#5756,#4609,#4610);
#3796=AXIS2_PLACEMENT_3D('',#5762,#4614,#4615);
#3797=AXIS2_PLACEMENT_3D('',#5764,#4616,#4617);
#3798=AXIS2_PLACEMENT_3D('',#5767,#4619,#4620);
#3799=AXIS2_PLACEMENT_3D('',#5768,#4621,#4622);
#3800=AXIS2_PLACEMENT_3D('',#5770,#4623,#4624);
#3801=AXIS2_PLACEMENT_3D('',#5772,#4625,#4626);
#3802=AXIS2_PLACEMENT_3D('',#5774,#4628,#4629);
#3803=AXIS2_PLACEMENT_3D('',#5780,#4633,#4634);
#3804=AXIS2_PLACEMENT_3D('',#5786,#4638,#4639);
#3805=AXIS2_PLACEMENT_3D('',#5792,#4643,#4644);
#3806=AXIS2_PLACEMENT_3D('',#5793,#4645,#4646);
#3807=AXIS2_PLACEMENT_3D('',#5794,#4647,#4648);
#3808=AXIS2_PLACEMENT_3D('',#5795,#4649,#4650);
#3809=AXIS2_PLACEMENT_3D('',#5796,#4651,#4652);
#3810=AXIS2_PLACEMENT_3D('',#5797,#4653,#4654);
#3811=AXIS2_PLACEMENT_3D('',#5798,#4655,#4656);
#3812=AXIS2_PLACEMENT_3D('',#5807,#4661,#4662);
#3813=AXIS2_PLACEMENT_3D('',#5816,#4667,#4668);
#3814=AXIS2_PLACEMENT_3D('',#5822,#4671,#4672);
#3815=AXIS2_PLACEMENT_3D('',#5824,#4673,#4674);
#3816=AXIS2_PLACEMENT_3D('',#5833,#4679,#4680);
#3817=AXIS2_PLACEMENT_3D('',#5835,#4681,#4682);
#3818=AXIS2_PLACEMENT_3D('',#5836,#4683,#4684);
#3819=AXIS2_PLACEMENT_3D('',#5842,#4688,#4689);
#3820=AXIS2_PLACEMENT_3D('',#5848,#4693,#4694);
#3821=AXIS2_PLACEMENT_3D('',#5858,#4699,#4700);
#3822=AXIS2_PLACEMENT_3D('',#5860,#4701,#4702);
#3823=AXIS2_PLACEMENT_3D('',#5865,#4705,#4706);
#3824=AXIS2_PLACEMENT_3D('',#5867,#4707,#4708);
#3825=AXIS2_PLACEMENT_3D('',#5868,#4709,#4710);
#3826=AXIS2_PLACEMENT_3D('',#5871,#4712,#4713);
#3827=AXIS2_PLACEMENT_3D('',#5872,#4714,#4715);
#3828=AXIS2_PLACEMENT_3D('',#5875,#4717,#4718);
#3829=AXIS2_PLACEMENT_3D('',#5876,#4719,#4720);
#3830=AXIS2_PLACEMENT_3D('',#5881,#4723,#4724);
#3831=AXIS2_PLACEMENT_3D('',#5882,#4725,#4726);
#3832=AXIS2_PLACEMENT_3D('',#5884,#4727,#4728);
#3833=AXIS2_PLACEMENT_3D('',#5886,#4730,#4731);
#3834=AXIS2_PLACEMENT_3D('',#5892,#4735,#4736);
#3835=AXIS2_PLACEMENT_3D('',#5894,#4738,#4739);
#3836=AXIS2_PLACEMENT_3D('',#5896,#4741,#4742);
#3837=AXIS2_PLACEMENT_3D('',#5898,#4743,#4744);
#3838=AXIS2_PLACEMENT_3D('',#5901,#4746,#4747);
#3839=AXIS2_PLACEMENT_3D('',#5902,#4748,#4749);
#3840=AXIS2_PLACEMENT_3D('',#5908,#4753,#4754);
#3841=AXIS2_PLACEMENT_3D('',#5909,#4755,#4756);
#3842=AXIS2_PLACEMENT_3D('',#5910,#4757,#4758);
#3843=AXIS2_PLACEMENT_3D('',#5911,#4759,#4760);
#3844=AXIS2_PLACEMENT_3D('',#5918,#4764,#4765);
#3845=AXIS2_PLACEMENT_3D('',#5921,#4767,#4768);
#3846=AXIS2_PLACEMENT_3D('',#5922,#4769,#4770);
#3847=AXIS2_PLACEMENT_3D('',#5924,#4771,#4772);
#3848=AXIS2_PLACEMENT_3D('',#5927,#4774,#4775);
#3849=AXIS2_PLACEMENT_3D('',#5928,#4776,#4777);
#3850=AXIS2_PLACEMENT_3D('',#5931,#4779,#4780);
#3851=AXIS2_PLACEMENT_3D('',#5932,#4781,#4782);
#3852=AXIS2_PLACEMENT_3D('',#5935,#4784,#4785);
#3853=AXIS2_PLACEMENT_3D('',#5936,#4786,#4787);
#3854=AXIS2_PLACEMENT_3D('',#5940,#4789,#4790);
#3855=AXIS2_PLACEMENT_3D('',#5942,#4792,#4793);
#3856=AXIS2_PLACEMENT_3D('',#5945,#4795,#4796);
#3857=AXIS2_PLACEMENT_3D('',#5946,#4797,#4798);
#3858=AXIS2_PLACEMENT_3D('',#5949,#4801,#4802);
#3859=AXIS2_PLACEMENT_3D('',#5950,#4803,#4804);
#3860=AXIS2_PLACEMENT_3D('',#5951,#4805,#4806);
#3861=AXIS2_PLACEMENT_3D('',#5953,#4808,#4809);
#3862=AXIS2_PLACEMENT_3D('',#5955,#4811,#4812);
#3863=AXIS2_PLACEMENT_3D('',#5956,#4813,#4814);
#3864=AXIS2_PLACEMENT_3D('',#5957,#4815,#4816);
#3865=AXIS2_PLACEMENT_3D('',#5958,#4817,#4818);
#3866=AXIS2_PLACEMENT_3D('',#5959,#4819,#4820);
#3867=AXIS2_PLACEMENT_3D('',#5960,#4821,#4822);
#3868=AXIS2_PLACEMENT_3D('',#5961,#4823,#4824);
#3869=AXIS2_PLACEMENT_3D('',#5962,#4825,#4826);
#3870=DIRECTION('axis',(0.,0.,1.));
#3871=DIRECTION('refdir',(1.,0.,0.));
#3872=DIRECTION('axis',(0.,0.,1.));
#3873=DIRECTION('refdir',(1.,0.,0.));
#3874=DIRECTION('center_axis',(0.,-1.,0.));
#3875=DIRECTION('ref_axis',(-1.,0.,0.));
#3876=DIRECTION('',(0.866025403784439,0.,0.5));
#3877=DIRECTION('',(-1.,0.,0.));
#3878=DIRECTION('',(0.,0.,-1.));
#3879=DIRECTION('',(-1.,0.,0.));
#3880=DIRECTION('',(0.,0.,-1.));
#3881=DIRECTION('',(-1.,0.,0.));
#3882=DIRECTION('',(0.866025403784439,0.,-0.5));
#3883=DIRECTION('center_axis',(0.,0.,-1.));
#3884=DIRECTION('ref_axis',(-1.,0.,0.));
#3885=DIRECTION('',(0.,1.,0.));
#3886=DIRECTION('',(0.,-1.,0.));
#3887=DIRECTION('',(1.,0.,0.));
#3888=DIRECTION('center_axis',(1.,0.,0.));
#3889=DIRECTION('ref_axis',(0.,-1.,0.));
#3890=DIRECTION('',(0.,-1.,0.));
#3891=DIRECTION('',(0.,0.,-1.));
#3892=DIRECTION('center_axis',(-1.,0.,0.));
#3893=DIRECTION('ref_axis',(0.,1.,0.));
#3894=DIRECTION('',(0.,1.,0.));
#3895=DIRECTION('',(0.,1.,0.));
#3896=DIRECTION('',(0.,0.,-1.));
#3897=DIRECTION('center_axis',(0.,0.,-1.));
#3898=DIRECTION('ref_axis',(-1.,0.,0.));
#3899=DIRECTION('',(0.,-1.,0.));
#3900=DIRECTION('',(1.,0.,0.));
#3901=DIRECTION('center_axis',(0.5,0.,0.866025403784439));
#3902=DIRECTION('ref_axis',(-0.866025403784439,0.,0.5));
#3903=DIRECTION('',(0.866025403784439,0.,-0.5));
#3904=DIRECTION('',(0.,-1.,0.));
#3905=DIRECTION('',(0.866025403784439,0.,-0.5));
#3906=DIRECTION('',(-0.866025403784439,0.,0.5));
#3907=DIRECTION('',(0.,1.,0.));
#3908=DIRECTION('',(-0.866025403784439,0.,0.5));
#3909=DIRECTION('',(0.,-1.,0.));
#3910=DIRECTION('center_axis',(0.,0.,-1.));
#3911=DIRECTION('ref_axis',(-1.,0.,0.));
#3912=DIRECTION('',(-1.,0.,0.));
#3913=DIRECTION('',(-1.,0.,0.));
#3914=DIRECTION('',(0.,-1.,0.));
#3915=DIRECTION('',(1.,0.,0.));
#3916=DIRECTION('center_axis',(1.,0.,0.));
#3917=DIRECTION('ref_axis',(0.,-1.,0.));
#3918=DIRECTION('',(0.,-1.,0.));
#3919=DIRECTION('',(0.,0.,-1.));
#3920=DIRECTION('',(0.,0.,-1.));
#3921=DIRECTION('center_axis',(0.,1.,0.));
#3922=DIRECTION('ref_axis',(1.,0.,0.));
#3923=DIRECTION('',(-0.866025403784439,0.,-0.5));
#3924=DIRECTION('',(1.,0.,0.));
#3925=DIRECTION('',(0.,0.,-1.));
#3926=DIRECTION('',(1.,0.,0.));
#3927=DIRECTION('center_axis',(-1.,0.,0.));
#3928=DIRECTION('ref_axis',(0.,1.,0.));
#3929=DIRECTION('',(0.,1.,0.));
#3930=DIRECTION('',(0.,0.,1.));
#3931=DIRECTION('',(0.,1.,0.));
#3932=DIRECTION('center_axis',(0.,0.,-1.));
#3933=DIRECTION('ref_axis',(-1.,0.,0.));
#3934=DIRECTION('',(0.,-1.,0.));
#3935=DIRECTION('',(-1.,0.,0.));
#3936=DIRECTION('',(-1.,0.,0.));
#3937=DIRECTION('center_axis',(0.,-1.,0.));
#3938=DIRECTION('ref_axis',(1.,0.,0.));
#3939=DIRECTION('',(0.,0.,1.));
#3940=DIRECTION('',(0.,0.,-1.));
#3941=DIRECTION('',(-0.866025403784439,0.,-0.5));
#3942=DIRECTION('',(0.,0.,1.));
#3943=DIRECTION('',(-1.,0.,0.));
#3944=DIRECTION('',(0.,0.,1.));
#3945=DIRECTION('',(1.,0.,0.));
#3946=DIRECTION('center_axis',(0.,0.,1.));
#3947=DIRECTION('ref_axis',(1.,0.,0.));
#3948=DIRECTION('',(-1.,0.,0.));
#3949=DIRECTION('',(0.,-1.,0.));
#3950=DIRECTION('',(1.,0.,0.));
#3951=DIRECTION('',(0.,1.,0.));
#3952=DIRECTION('',(1.,0.,0.));
#3953=DIRECTION('',(0.,-1.,0.));
#3954=DIRECTION('',(-1.,0.,0.));
#3955=DIRECTION('',(0.,1.,0.));
#3956=DIRECTION('center_axis',(0.,-1.,0.));
#3957=DIRECTION('ref_axis',(0.,0.,-1.));
#3958=DIRECTION('',(0.,0.,1.));
#3959=DIRECTION('',(0.866025403784439,0.,0.5));
#3960=DIRECTION('',(0.866025403784439,0.,-0.5));
#3961=DIRECTION('',(0.,0.,-1.));
#3962=DIRECTION('',(-0.866025403784439,0.,-0.5));
#3963=DIRECTION('',(0.,0.,-1.));
#3964=DIRECTION('',(0.,0.,1.));
#3965=DIRECTION('center_axis',(0.,-1.,0.));
#3966=DIRECTION('ref_axis',(1.,0.,0.));
#3967=DIRECTION('center_axis',(0.,-1.,0.));
#3968=DIRECTION('ref_axis',(1.,0.,0.));
#3969=DIRECTION('',(0.,-1.,0.));
#3970=DIRECTION('center_axis',(0.,1.,0.));
#3971=DIRECTION('ref_axis',(1.,0.,0.));
#3972=DIRECTION('center_axis',(1.,0.,0.));
#3973=DIRECTION('ref_axis',(0.,0.,1.));
#3974=DIRECTION('',(0.,0.,-1.));
#3975=DIRECTION('',(0.,-1.,0.));
#3976=DIRECTION('center_axis',(0.5,0.,-0.866025403784439));
#3977=DIRECTION('ref_axis',(0.866025403784439,0.,0.5));
#3978=DIRECTION('',(-0.866025403784439,0.,-0.5));
#3979=DIRECTION('',(0.,-1.,0.));
#3980=DIRECTION('center_axis',(-0.5,0.,-0.866025403784439));
#3981=DIRECTION('ref_axis',(0.866025403784439,0.,-0.5));
#3982=DIRECTION('',(-0.866025403784439,0.,0.5));
#3983=DIRECTION('',(0.,-1.,0.));
#3984=DIRECTION('',(-0.866025403784439,0.,0.5));
#3985=DIRECTION('center_axis',(-1.,0.,2.93582089524208E-16));
#3986=DIRECTION('ref_axis',(-2.93582089524208E-16,0.,-1.));
#3987=DIRECTION('',(2.93582089524208E-16,0.,1.));
#3988=DIRECTION('',(0.,-1.,0.));
#3989=DIRECTION('',(2.93582089524208E-16,0.,1.));
#3990=DIRECTION('center_axis',(-0.5,0.,0.866025403784439));
#3991=DIRECTION('ref_axis',(-0.866025403784439,0.,-0.5));
#3992=DIRECTION('',(0.866025403784439,0.,0.5));
#3993=DIRECTION('',(0.866025403784439,0.,0.5));
#3994=DIRECTION('center_axis',(0.,1.,0.));
#3995=DIRECTION('ref_axis',(1.,0.,0.));
#3996=DIRECTION('',(1.,0.,0.));
#3997=DIRECTION('center_axis',(0.,1.,0.));
#3998=DIRECTION('ref_axis',(-1.,0.,0.));
#3999=DIRECTION('',(0.,0.,-1.));
#4000=DIRECTION('',(-1.,0.,0.));
#4001=DIRECTION('',(0.,0.,1.));
#4002=DIRECTION('center_axis',(1.,0.,0.));
#4003=DIRECTION('ref_axis',(0.,1.,0.));
#4004=DIRECTION('',(0.,1.,0.));
#4005=DIRECTION('',(0.,0.,1.));
#4006=DIRECTION('center_axis',(0.,-1.,0.));
#4007=DIRECTION('ref_axis',(1.,0.,0.));
#4008=DIRECTION('',(1.,0.,0.));
#4009=DIRECTION('',(0.,0.,1.));
#4010=DIRECTION('center_axis',(-1.,0.,0.));
#4011=DIRECTION('ref_axis',(0.,-1.,0.));
#4012=DIRECTION('',(0.,-1.,0.));
#4013=DIRECTION('center_axis',(0.,0.,-1.));
#4014=DIRECTION('ref_axis',(-1.,0.,0.));
#4015=DIRECTION('',(0.,1.,0.));
#4016=DIRECTION('',(-1.,0.,0.));
#4017=DIRECTION('',(0.,1.,0.));
#4018=DIRECTION('',(1.,0.,0.));
#4019=DIRECTION('',(0.,-1.,0.));
#4020=DIRECTION('',(0.,-1.,0.));
#4021=DIRECTION('',(-1.,0.,0.));
#4022=DIRECTION('center_axis',(0.,-1.,0.));
#4023=DIRECTION('ref_axis',(1.,0.,0.));
#4024=DIRECTION('',(1.,0.,0.));
#4025=DIRECTION('',(0.,0.,1.));
#4026=DIRECTION('',(0.,0.,-1.));
#4027=DIRECTION('',(0.,0.,-1.));
#4028=DIRECTION('center_axis',(-1.,0.,0.));
#4029=DIRECTION('ref_axis',(0.,-1.,0.));
#4030=DIRECTION('',(0.,-1.,0.));
#4031=DIRECTION('',(0.,0.,1.));
#4032=DIRECTION('center_axis',(0.,1.,0.));
#4033=DIRECTION('ref_axis',(-1.,0.,0.));
#4034=DIRECTION('',(-1.,0.,0.));
#4035=DIRECTION('',(0.,0.,1.));
#4036=DIRECTION('center_axis',(1.,0.,0.));
#4037=DIRECTION('ref_axis',(0.,1.,0.));
#4038=DIRECTION('',(0.,1.,0.));
#4039=DIRECTION('center_axis',(1.,0.,0.));
#4040=DIRECTION('ref_axis',(0.,1.,0.));
#4041=DIRECTION('',(0.,0.,1.));
#4042=DIRECTION('center_axis',(0.,-1.,0.));
#4043=DIRECTION('ref_axis',(1.,0.,0.));
#4044=DIRECTION('',(0.,0.,1.));
#4045=DIRECTION('center_axis',(-1.,0.,0.));
#4046=DIRECTION('ref_axis',(0.,-1.,0.));
#4047=DIRECTION('center_axis',(0.,0.,1.));
#4048=DIRECTION('ref_axis',(1.,0.,0.));
#4049=DIRECTION('axis',(0.,0.,1.));
#4050=DIRECTION('refdir',(1.,0.,0.));
#4051=DIRECTION('center_axis',(0.,0.,1.));
#4052=DIRECTION('ref_axis',(1.,0.,0.));
#4053=DIRECTION('',(0.,0.,1.));
#4054=DIRECTION('center_axis',(0.,0.,1.));
#4055=DIRECTION('ref_axis',(1.,0.,0.));
#4056=DIRECTION('',(0.,0.,1.));
#4057=DIRECTION('center_axis',(0.,1.,0.));
#4058=DIRECTION('ref_axis',(1.,0.,0.));
#4059=DIRECTION('center_axis',(0.,1.,0.));
#4060=DIRECTION('ref_axis',(1.,0.,0.));
#4061=DIRECTION('',(0.,1.,0.));
#4062=DIRECTION('center_axis',(0.,1.,0.));
#4063=DIRECTION('ref_axis',(1.,0.,0.));
#4064=DIRECTION('center_axis',(0.,1.,0.));
#4065=DIRECTION('ref_axis',(1.,0.,0.));
#4066=DIRECTION('center_axis',(0.,-1.,0.));
#4067=DIRECTION('ref_axis',(1.,0.,0.));
#4068=DIRECTION('center_axis',(0.,-1.,0.));
#4069=DIRECTION('ref_axis',(1.,0.,0.));
#4070=DIRECTION('',(0.,-1.,0.));
#4071=DIRECTION('center_axis',(0.,-1.,0.));
#4072=DIRECTION('ref_axis',(1.,0.,0.));
#4073=DIRECTION('center_axis',(0.,1.,0.));
#4074=DIRECTION('ref_axis',(1.,0.,0.));
#4075=DIRECTION('center_axis',(0.,-1.,0.));
#4076=DIRECTION('ref_axis',(1.,0.,0.));
#4077=DIRECTION('center_axis',(0.,-1.,0.));
#4078=DIRECTION('ref_axis',(1.,0.,0.));
#4079=DIRECTION('',(0.,1.,0.));
#4080=DIRECTION('center_axis',(0.,1.,0.));
#4081=DIRECTION('ref_axis',(1.,0.,0.));
#4082=DIRECTION('center_axis',(0.,1.,0.));
#4083=DIRECTION('ref_axis',(1.,0.,0.));
#4084=DIRECTION('center_axis',(0.,1.,0.));
#4085=DIRECTION('ref_axis',(1.,0.,0.));
#4086=DIRECTION('axis',(0.,0.,1.));
#4087=DIRECTION('refdir',(1.,0.,0.));
#4088=DIRECTION('center_axis',(0.,0.,-1.));
#4089=DIRECTION('ref_axis',(1.,0.,0.));
#4090=DIRECTION('center_axis',(0.,0.,-1.));
#4091=DIRECTION('ref_axis',(1.,0.,0.));
#4092=DIRECTION('',(0.,0.,-1.));
#4093=DIRECTION('center_axis',(0.,0.,1.));
#4094=DIRECTION('ref_axis',(1.,0.,0.));
#4095=DIRECTION('center_axis',(0.,0.,-1.));
#4096=DIRECTION('ref_axis',(1.,0.,0.));
#4097=DIRECTION('center_axis',(0.,0.,-1.));
#4098=DIRECTION('ref_axis',(1.,0.,0.));
#4099=DIRECTION('',(0.,0.,-1.));
#4100=DIRECTION('center_axis',(0.,0.,1.));
#4101=DIRECTION('ref_axis',(1.,0.,0.));
#4102=DIRECTION('center_axis',(0.,-1.,0.));
#4103=DIRECTION('ref_axis',(1.,0.,0.));
#4104=DIRECTION('center_axis',(0.,-1.,0.));
#4105=DIRECTION('ref_axis',(1.,0.,0.));
#4106=DIRECTION('',(0.,-1.,0.));
#4107=DIRECTION('center_axis',(0.,1.,0.));
#4108=DIRECTION('ref_axis',(1.,0.,0.));
#4109=DIRECTION('center_axis',(0.,-1.,0.));
#4110=DIRECTION('ref_axis',(1.,0.,0.));
#4111=DIRECTION('center_axis',(0.,-1.,0.));
#4112=DIRECTION('ref_axis',(1.,0.,0.));
#4113=DIRECTION('',(0.,-1.,0.));
#4114=DIRECTION('center_axis',(0.,1.,0.));
#4115=DIRECTION('ref_axis',(1.,0.,0.));
#4116=DIRECTION('center_axis',(0.,-1.,0.));
#4117=DIRECTION('ref_axis',(1.,0.,0.));
#4118=DIRECTION('center_axis',(0.,-1.,0.));
#4119=DIRECTION('ref_axis',(1.,0.,0.));
#4120=DIRECTION('',(0.,-1.,0.));
#4121=DIRECTION('center_axis',(0.,1.,0.));
#4122=DIRECTION('ref_axis',(1.,0.,0.));
#4123=DIRECTION('center_axis',(0.,1.,0.));
#4124=DIRECTION('ref_axis',(0.,0.,1.));
#4125=DIRECTION('',(1.,0.,0.));
#4126=DIRECTION('',(0.,0.,-1.));
#4127=DIRECTION('',(-1.,0.,0.));
#4128=DIRECTION('',(0.,0.,1.));
#4129=DIRECTION('center_axis',(0.,1.,0.));
#4130=DIRECTION('ref_axis',(1.,0.,0.));
#4131=DIRECTION('',(1.,0.,0.));
#4132=DIRECTION('',(0.,0.,1.));
#4133=DIRECTION('',(-1.,0.,0.));
#4134=DIRECTION('',(0.,0.,-1.));
#4135=DIRECTION('center_axis',(-1.,0.,0.));
#4136=DIRECTION('ref_axis',(0.,0.,1.));
#4137=DIRECTION('',(0.,0.,-1.));
#4138=DIRECTION('',(0.,1.,0.));
#4139=DIRECTION('',(0.,1.,0.));
#4140=DIRECTION('center_axis',(0.,0.,-1.));
#4141=DIRECTION('ref_axis',(-1.,0.,0.));
#4142=DIRECTION('',(1.,0.,0.));
#4143=DIRECTION('',(0.,1.,0.));
#4144=DIRECTION('center_axis',(1.,0.,0.));
#4145=DIRECTION('ref_axis',(0.,0.,-1.));
#4146=DIRECTION('',(0.,0.,1.));
#4147=DIRECTION('',(0.,1.,0.));
#4148=DIRECTION('',(0.,0.,1.));
#4149=DIRECTION('',(0.,1.,0.));
#4150=DIRECTION('',(0.,1.,0.));
#4151=DIRECTION('center_axis',(0.,0.,1.));
#4152=DIRECTION('ref_axis',(1.,0.,0.));
#4153=DIRECTION('',(-1.,0.,0.));
#4154=DIRECTION('',(0.,1.,0.));
#4155=DIRECTION('center_axis',(1.,0.,0.));
#4156=DIRECTION('ref_axis',(0.,0.,-1.));
#4157=DIRECTION('',(0.,0.,1.));
#4158=DIRECTION('',(0.,1.,0.));
#4159=DIRECTION('center_axis',(0.,0.,-1.));
#4160=DIRECTION('ref_axis',(-1.,0.,0.));
#4161=DIRECTION('',(1.,0.,0.));
#4162=DIRECTION('center_axis',(0.,0.,1.));
#4163=DIRECTION('ref_axis',(1.,0.,0.));
#4164=DIRECTION('',(-1.,0.,0.));
#4165=DIRECTION('center_axis',(0.,1.,0.));
#4166=DIRECTION('ref_axis',(1.,0.,0.));
#4167=DIRECTION('axis',(0.,0.,1.));
#4168=DIRECTION('refdir',(1.,0.,0.));
#4169=DIRECTION('center_axis',(0.,0.,-1.));
#4170=DIRECTION('ref_axis',(1.,0.,0.));
#4171=DIRECTION('center_axis',(0.,0.,-1.));
#4172=DIRECTION('ref_axis',(1.,0.,0.));
#4173=DIRECTION('',(0.,0.,-1.));
#4174=DIRECTION('center_axis',(0.,0.,1.));
#4175=DIRECTION('ref_axis',(1.,0.,0.));
#4176=DIRECTION('center_axis',(0.,0.,-1.));
#4177=DIRECTION('ref_axis',(1.,0.,0.));
#4178=DIRECTION('center_axis',(0.,0.,-1.));
#4179=DIRECTION('ref_axis',(1.,0.,0.));
#4180=DIRECTION('',(0.,0.,-1.));
#4181=DIRECTION('center_axis',(0.,0.,1.));
#4182=DIRECTION('ref_axis',(1.,0.,0.));
#4183=DIRECTION('center_axis',(1.,0.,0.));
#4184=DIRECTION('ref_axis',(0.,0.707106781186549,0.707106781186546));
#4185=DIRECTION('center_axis',(-0.707106781186548,0.,-0.707106781186548));
#4186=DIRECTION('ref_axis',(-0.707106781186547,0.,0.707106781186547));
#4187=DIRECTION('center_axis',(-0.707106781186548,0.,0.707106781186547));
#4188=DIRECTION('ref_axis',(0.707106781186547,0.,0.707106781186548));
#4189=DIRECTION('',(1.,0.,0.));
#4190=DIRECTION('center_axis',(0.707106781186548,0.,-0.707106781186547));
#4191=DIRECTION('ref_axis',(-0.707106781186547,0.,-0.707106781186548));
#4192=DIRECTION('',(-1.,0.,0.));
#4193=DIRECTION('center_axis',(-1.,0.,0.));
#4194=DIRECTION('ref_axis',(0.,0.707106781186549,-0.707106781186546));
#4195=DIRECTION('center_axis',(-0.707106781186548,0.,0.707106781186547));
#4196=DIRECTION('ref_axis',(-0.707106781186547,0.,-0.707106781186548));
#4197=DIRECTION('',(1.,0.,0.));
#4198=DIRECTION('center_axis',(-0.707106781186548,0.,-0.707106781186547));
#4199=DIRECTION('ref_axis',(0.707106781186547,0.,-0.707106781186548));
#4200=DIRECTION('',(-1.,0.,0.));
#4201=DIRECTION('center_axis',(-0.707106781186548,0.,-0.707106781186547));
#4202=DIRECTION('ref_axis',(-0.707106781186547,0.,0.707106781186548));
#4203=DIRECTION('center_axis',(0.,0.,-1.));
#4204=DIRECTION('ref_axis',(0.707106781186546,0.707106781186549,0.));
#4205=DIRECTION('',(0.,0.,-1.));
#4206=DIRECTION('',(0.,0.,-1.));
#4207=DIRECTION('center_axis',(0.,0.,1.));
#4208=DIRECTION('ref_axis',(-0.707106781186548,0.707106781186548,0.));
#4209=DIRECTION('',(0.,0.,-1.));
#4210=DIRECTION('center_axis',(-0.707106781186548,0.,0.707106781186548));
#4211=DIRECTION('ref_axis',(-0.707106781186548,0.,-0.707106781186548));
#4212=DIRECTION('',(0.,0.,1.));
#4213=DIRECTION('center_axis',(0.707106781186548,0.,0.707106781186548));
#4214=DIRECTION('ref_axis',(-0.707106781186548,0.,0.707106781186548));
#4215=DIRECTION('',(0.,0.,-1.));
#4216=DIRECTION('center_axis',(1.,0.,0.));
#4217=DIRECTION('ref_axis',(0.,0.707106781186548,-0.707106781186548));
#4218=DIRECTION('',(1.,0.,0.));
#4219=DIRECTION('center_axis',(-0.707106781186548,0.,-0.707106781186547));
#4220=DIRECTION('ref_axis',(-0.707106781186547,0.,0.707106781186548));
#4221=DIRECTION('',(-1.,0.,0.));
#4222=DIRECTION('center_axis',(0.,0.,1.));
#4223=DIRECTION('ref_axis',(0.707106781186547,0.707106781186548,0.));
#4224=DIRECTION('',(0.,0.,1.));
#4225=DIRECTION('',(0.,0.,-1.));
#4226=DIRECTION('center_axis',(0.,0.,-1.));
#4227=DIRECTION('ref_axis',(0.707106781186547,0.707106781186548,0.));
#4228=DIRECTION('',(0.,0.,-1.));
#4229=DIRECTION('',(0.,0.,1.));
#4230=DIRECTION('center_axis',(0.707106781186548,0.,-0.707106781186547));
#4231=DIRECTION('ref_axis',(0.707106781186547,0.,0.707106781186548));
#4232=DIRECTION('center_axis',(1.,0.,0.));
#4233=DIRECTION('ref_axis',(0.,0.707106781186548,0.707106781186548));
#4234=DIRECTION('',(1.,0.,0.));
#4235=DIRECTION('',(-1.,0.,0.));
#4236=DIRECTION('center_axis',(0.,0.,1.));
#4237=DIRECTION('ref_axis',(1.,0.,0.));
#4238=DIRECTION('',(0.,1.,0.));
#4239=DIRECTION('',(-1.,0.,0.));
#4240=DIRECTION('',(0.,1.,0.));
#4241=DIRECTION('center_axis',(1.,0.,0.));
#4242=DIRECTION('ref_axis',(0.,0.,-1.));
#4243=DIRECTION('',(0.,1.,0.));
#4244=DIRECTION('',(0.,0.,1.));
#4245=DIRECTION('',(0.,1.,0.));
#4246=DIRECTION('',(0.,0.,1.));
#4247=DIRECTION('center_axis',(0.,0.,1.));
#4248=DIRECTION('ref_axis',(1.,0.,0.));
#4249=DIRECTION('',(0.,1.,0.));
#4250=DIRECTION('',(-1.,0.,0.));
#4251=DIRECTION('center_axis',(0.,0.,-1.));
#4252=DIRECTION('ref_axis',(1.,0.,0.));
#4253=DIRECTION('',(-1.,0.,0.));
#4254=DIRECTION('center_axis',(0.,0.,-1.));
#4255=DIRECTION('ref_axis',(1.,0.,0.));
#4256=DIRECTION('center_axis',(0.,0.,-1.));
#4257=DIRECTION('ref_axis',(1.,0.,0.));
#4258=DIRECTION('center_axis',(-1.,0.,0.));
#4259=DIRECTION('ref_axis',(0.,0.,1.));
#4260=DIRECTION('',(0.,1.,0.));
#4261=DIRECTION('',(0.,0.,-1.));
#4262=DIRECTION('center_axis',(0.,1.,0.));
#4263=DIRECTION('ref_axis',(0.,0.,1.));
#4264=DIRECTION('center_axis',(0.,1.,0.));
#4265=DIRECTION('ref_axis',(0.,0.,1.));
#4266=DIRECTION('center_axis',(-1.,0.,0.));
#4267=DIRECTION('ref_axis',(0.,0.,1.));
#4268=DIRECTION('',(0.,0.,-1.));
#4269=DIRECTION('',(0.,1.,0.));
#4270=DIRECTION('center_axis',(0.,0.,-1.));
#4271=DIRECTION('ref_axis',(-1.,0.,0.));
#4272=DIRECTION('',(1.,0.,0.));
#4273=DIRECTION('',(0.,-1.,0.));
#4274=DIRECTION('center_axis',(0.,1.,0.));
#4275=DIRECTION('ref_axis',(1.,0.,0.));
#4276=DIRECTION('',(1.,0.,0.));
#4277=DIRECTION('',(0.,0.,1.));
#4278=DIRECTION('',(-1.,0.,0.));
#4279=DIRECTION('',(0.,0.,1.));
#4280=DIRECTION('center_axis',(-1.,0.,0.));
#4281=DIRECTION('ref_axis',(0.,0.,1.));
#4282=DIRECTION('',(0.,1.,0.));
#4283=DIRECTION('',(0.,0.,-1.));
#4284=DIRECTION('',(0.,1.,0.));
#4285=DIRECTION('center_axis',(0.,0.,-1.));
#4286=DIRECTION('ref_axis',(-1.,0.,0.));
#4287=DIRECTION('',(0.,1.,0.));
#4288=DIRECTION('',(1.,0.,0.));
#4289=DIRECTION('center_axis',(0.,0.,1.));
#4290=DIRECTION('ref_axis',(1.,0.,0.));
#4291=DIRECTION('',(1.,0.,0.));
#4292=DIRECTION('center_axis',(1.,0.,0.));
#4293=DIRECTION('ref_axis',(0.,0.,-1.));
#4294=DIRECTION('',(0.,1.,0.));
#4295=DIRECTION('',(0.,0.,1.));
#4296=DIRECTION('center_axis',(0.,0.,-1.));
#4297=DIRECTION('ref_axis',(1.,0.,0.));
#4298=DIRECTION('center_axis',(0.,0.,-1.));
#4299=DIRECTION('ref_axis',(1.,0.,0.));
#4300=DIRECTION('',(0.,0.,1.));
#4301=DIRECTION('center_axis',(0.,0.,-1.));
#4302=DIRECTION('ref_axis',(1.,0.,0.));
#4303=DIRECTION('center_axis',(0.,0.,1.));
#4304=DIRECTION('ref_axis',(1.,0.,0.));
#4305=DIRECTION('center_axis',(0.,0.,-1.));
#4306=DIRECTION('ref_axis',(1.,0.,0.));
#4307=DIRECTION('center_axis',(0.,0.,-1.));
#4308=DIRECTION('ref_axis',(1.,0.,0.));
#4309=DIRECTION('',(0.,0.,1.));
#4310=DIRECTION('center_axis',(0.,0.,-1.));
#4311=DIRECTION('ref_axis',(1.,0.,0.));
#4312=DIRECTION('center_axis',(0.,0.,1.));
#4313=DIRECTION('ref_axis',(1.,0.,0.));
#4314=DIRECTION('center_axis',(0.,0.,-1.));
#4315=DIRECTION('ref_axis',(1.,0.,0.));
#4316=DIRECTION('',(0.,0.,1.));
#4317=DIRECTION('',(0.,0.,-1.));
#4318=DIRECTION('center_axis',(0.,0.,-1.));
#4319=DIRECTION('ref_axis',(1.,0.,0.));
#4320=DIRECTION('center_axis',(0.,0.,1.));
#4321=DIRECTION('ref_axis',(1.,0.,0.));
#4322=DIRECTION('',(-1.,0.,0.));
#4323=DIRECTION('center_axis',(0.,0.,-1.));
#4324=DIRECTION('ref_axis',(1.,0.,0.));
#4325=DIRECTION('',(-1.,0.,0.));
#4326=DIRECTION('center_axis',(0.,0.,-1.));
#4327=DIRECTION('ref_axis',(1.,0.,0.));
#4328=DIRECTION('',(0.,0.,1.));
#4329=DIRECTION('',(0.,0.,-1.));
#4330=DIRECTION('center_axis',(0.,0.,-1.));
#4331=DIRECTION('ref_axis',(1.,0.,0.));
#4332=DIRECTION('center_axis',(0.,-1.,0.));
#4333=DIRECTION('ref_axis',(1.,0.,0.));
#4334=DIRECTION('',(-1.,0.,0.));
#4335=DIRECTION('center_axis',(0.,0.,1.));
#4336=DIRECTION('ref_axis',(1.,0.,0.));
#4337=DIRECTION('',(1.,0.,0.));
#4338=DIRECTION('center_axis',(0.,0.,-1.));
#4339=DIRECTION('ref_axis',(1.,0.,0.));
#4340=DIRECTION('',(0.,0.,-1.));
#4341=DIRECTION('center_axis',(0.,0.,-1.));
#4342=DIRECTION('ref_axis',(1.,0.,0.));
#4343=DIRECTION('center_axis',(0.,0.,1.));
#4344=DIRECTION('ref_axis',(1.,0.,0.));
#4345=DIRECTION('center_axis',(0.,0.,-1.));
#4346=DIRECTION('ref_axis',(1.,0.,0.));
#4347=DIRECTION('',(0.,0.,-1.));
#4348=DIRECTION('center_axis',(0.,0.,-1.));
#4349=DIRECTION('ref_axis',(1.,0.,0.));
#4350=DIRECTION('center_axis',(0.,0.,1.));
#4351=DIRECTION('ref_axis',(1.,0.,0.));
#4352=DIRECTION('center_axis',(0.,0.,-1.));
#4353=DIRECTION('ref_axis',(1.,0.,0.));
#4354=DIRECTION('',(0.,0.,-1.));
#4355=DIRECTION('center_axis',(0.,0.,-1.));
#4356=DIRECTION('ref_axis',(1.,0.,0.));
#4357=DIRECTION('',(0.,0.,1.));
#4358=DIRECTION('center_axis',(0.,0.,1.));
#4359=DIRECTION('ref_axis',(1.,0.,0.));
#4360=DIRECTION('center_axis',(0.,0.,-1.));
#4361=DIRECTION('ref_axis',(-1.,0.,0.));
#4362=DIRECTION('',(1.,0.,0.));
#4363=DIRECTION('',(1.,0.,0.));
#4364=DIRECTION('center_axis',(0.,1.,0.));
#4365=DIRECTION('ref_axis',(1.,0.,0.));
#4366=DIRECTION('',(-1.,0.,0.));
#4367=DIRECTION('',(0.,0.,1.));
#4368=DIRECTION('center_axis',(0.,0.,1.));
#4369=DIRECTION('ref_axis',(1.,0.,0.));
#4370=DIRECTION('',(-1.,0.,0.));
#4371=DIRECTION('center_axis',(0.,0.,-1.));
#4372=DIRECTION('ref_axis',(1.,0.,0.));
#4373=DIRECTION('center_axis',(0.,0.,-1.));
#4374=DIRECTION('ref_axis',(1.,0.,0.));
#4375=DIRECTION('',(0.,0.,-1.));
#4376=DIRECTION('center_axis',(0.,1.,0.));
#4377=DIRECTION('ref_axis',(1.,0.,0.));
#4378=DIRECTION('axis',(0.,0.,1.));
#4379=DIRECTION('refdir',(1.,0.,0.));
#4380=DIRECTION('center_axis',(0.,0.,1.));
#4381=DIRECTION('ref_axis',(-0.707106781186548,-0.707106781186548,0.));
#4382=DIRECTION('center_axis',(0.,0.,-1.));
#4383=DIRECTION('ref_axis',(-0.707106781186548,-0.707106781186548,0.));
#4384=DIRECTION('',(0.,0.,-1.));
#4385=DIRECTION('center_axis',(0.,0.,1.));
#4386=DIRECTION('ref_axis',(-0.707106781186548,-0.707106781186548,0.));
#4387=DIRECTION('',(0.,0.,1.));
#4388=DIRECTION('center_axis',(-1.,0.,0.));
#4389=DIRECTION('ref_axis',(0.,-1.,0.));
#4390=DIRECTION('',(0.,-1.,0.));
#4391=DIRECTION('',(0.,0.,1.));
#4392=DIRECTION('',(0.,-1.,0.));
#4393=DIRECTION('center_axis',(0.,0.,1.));
#4394=DIRECTION('ref_axis',(1.,0.,0.));
#4395=DIRECTION('',(1.,0.,0.));
#4396=DIRECTION('center_axis',(0.,0.,-1.));
#4397=DIRECTION('ref_axis',(0.707106781186548,-0.707106781186548,0.));
#4398=DIRECTION('',(0.,1.,0.));
#4399=DIRECTION('center_axis',(0.,0.,-1.));
#4400=DIRECTION('ref_axis',(0.707106781186548,0.707106781186548,0.));
#4401=DIRECTION('',(-1.,0.,0.));
#4402=DIRECTION('center_axis',(0.,0.,-1.));
#4403=DIRECTION('ref_axis',(-0.707106781186548,0.707106781186548,0.));
#4404=DIRECTION('center_axis',(0.,0.,-1.));
#4405=DIRECTION('ref_axis',(1.,0.,0.));
#4406=DIRECTION('center_axis',(0.,0.,-1.));
#4407=DIRECTION('ref_axis',(1.,0.,0.));
#4408=DIRECTION('center_axis',(0.,0.,-1.));
#4409=DIRECTION('ref_axis',(1.,0.,0.));
#4410=DIRECTION('center_axis',(0.,0.,-1.));
#4411=DIRECTION('ref_axis',(1.,0.,0.));
#4412=DIRECTION('center_axis',(0.,0.,-1.));
#4413=DIRECTION('ref_axis',(1.,0.,0.));
#4414=DIRECTION('center_axis',(0.,0.,1.));
#4415=DIRECTION('ref_axis',(0.707106781186548,-0.707106781186548,0.));
#4416=DIRECTION('',(0.,0.,-1.));
#4417=DIRECTION('center_axis',(0.,0.,1.));
#4418=DIRECTION('ref_axis',(0.707106781186548,-0.707106781186548,0.));
#4419=DIRECTION('',(0.,0.,1.));
#4420=DIRECTION('center_axis',(1.,0.,0.));
#4421=DIRECTION('ref_axis',(0.,1.,0.));
#4422=DIRECTION('',(0.,1.,0.));
#4423=DIRECTION('',(0.,0.,-1.));
#4424=DIRECTION('center_axis',(0.,0.,1.));
#4425=DIRECTION('ref_axis',(0.707106781186548,0.707106781186548,0.));
#4426=DIRECTION('center_axis',(0.,0.,1.));
#4427=DIRECTION('ref_axis',(0.707106781186548,0.707106781186548,0.));
#4428=DIRECTION('',(0.,0.,1.));
#4429=DIRECTION('center_axis',(0.,0.,1.));
#4430=DIRECTION('ref_axis',(-0.707106781186548,0.707106781186548,0.));
#4431=DIRECTION('',(0.,0.,-1.));
#4432=DIRECTION('center_axis',(0.,0.,1.));
#4433=DIRECTION('ref_axis',(-0.707106781186548,0.707106781186548,0.));
#4434=DIRECTION('center_axis',(0.,0.,-1.));
#4435=DIRECTION('ref_axis',(1.,0.,0.));
#4436=DIRECTION('',(0.,0.,-1.));
#4437=DIRECTION('center_axis',(0.,0.,1.));
#4438=DIRECTION('ref_axis',(1.,0.,0.));
#4439=DIRECTION('center_axis',(0.,0.,-1.));
#4440=DIRECTION('ref_axis',(1.,0.,0.));
#4441=DIRECTION('',(0.,0.,-1.));
#4442=DIRECTION('center_axis',(0.,0.,1.));
#4443=DIRECTION('ref_axis',(1.,0.,0.));
#4444=DIRECTION('center_axis',(0.,0.,-1.));
#4445=DIRECTION('ref_axis',(1.,0.,0.));
#4446=DIRECTION('',(0.,0.,-1.));
#4447=DIRECTION('center_axis',(0.,0.,1.));
#4448=DIRECTION('ref_axis',(1.,0.,0.));
#4449=DIRECTION('center_axis',(0.,0.,-1.));
#4450=DIRECTION('ref_axis',(1.,0.,0.));
#4451=DIRECTION('',(0.,0.,-1.));
#4452=DIRECTION('center_axis',(0.,0.,1.));
#4453=DIRECTION('ref_axis',(1.,0.,0.));
#4454=DIRECTION('center_axis',(0.,0.,-1.));
#4455=DIRECTION('ref_axis',(1.,0.,0.));
#4456=DIRECTION('',(0.,0.,-1.));
#4457=DIRECTION('center_axis',(0.,0.,1.));
#4458=DIRECTION('ref_axis',(1.,0.,0.));
#4459=DIRECTION('center_axis',(0.,1.,0.));
#4460=DIRECTION('ref_axis',(-1.,0.,0.));
#4461=DIRECTION('',(-1.,0.,0.));
#4462=DIRECTION('center_axis',(0.,-1.,0.));
#4463=DIRECTION('ref_axis',(1.,0.,0.));
#4464=DIRECTION('',(1.,0.,0.));
#4465=DIRECTION('center_axis',(0.,0.,1.));
#4466=DIRECTION('ref_axis',(1.,0.,0.));
#4467=DIRECTION('axis',(0.,0.,1.));
#4468=DIRECTION('refdir',(1.,0.,0.));
#4469=DIRECTION('center_axis',(-1.,0.,0.));
#4470=DIRECTION('ref_axis',(0.,0.,1.));
#4471=DIRECTION('',(0.,-1.,0.));
#4472=DIRECTION('',(0.,0.,1.));
#4473=DIRECTION('',(0.,1.,0.));
#4474=DIRECTION('',(0.,0.,1.));
#4475=DIRECTION('center_axis',(-1.,0.,0.));
#4476=DIRECTION('ref_axis',(0.,0.,1.));
#4477=DIRECTION('',(0.,1.,0.));
#4478=DIRECTION('',(0.,0.,1.));
#4479=DIRECTION('',(0.,1.,0.));
#4480=DIRECTION('',(0.,0.,1.));
#4481=DIRECTION('center_axis',(0.,1.,0.));
#4482=DIRECTION('ref_axis',(0.,0.,1.));
#4483=DIRECTION('',(-1.,0.,0.));
#4484=DIRECTION('',(0.,0.,-1.));
#4485=DIRECTION('',(1.,0.,0.));
#4486=DIRECTION('center_axis',(0.,1.,0.));
#4487=DIRECTION('ref_axis',(0.,0.,1.));
#4488=DIRECTION('',(1.,0.,0.));
#4489=DIRECTION('',(-1.,0.,0.));
#4490=DIRECTION('',(0.,0.,-1.));
#4491=DIRECTION('center_axis',(1.,0.,0.));
#4492=DIRECTION('ref_axis',(0.,0.,-1.));
#4493=DIRECTION('',(0.,1.,0.));
#4494=DIRECTION('',(0.,0.,-1.));
#4495=DIRECTION('',(0.,1.,0.));
#4496=DIRECTION('center_axis',(0.,0.,-1.));
#4497=DIRECTION('ref_axis',(-1.,0.,0.));
#4498=DIRECTION('',(-1.,0.,0.));
#4499=DIRECTION('',(0.,1.,0.));
#4500=DIRECTION('center_axis',(1.,0.,0.));
#4501=DIRECTION('ref_axis',(0.,0.,-1.));
#4502=DIRECTION('',(0.,-1.,0.));
#4503=DIRECTION('',(0.,0.,-1.));
#4504=DIRECTION('center_axis',(0.,0.,1.));
#4505=DIRECTION('ref_axis',(1.,0.,0.));
#4506=DIRECTION('',(1.,0.,0.));
#4507=DIRECTION('center_axis',(0.,0.,-1.));
#4508=DIRECTION('ref_axis',(-1.,0.,0.));
#4509=DIRECTION('',(-1.,0.,0.));
#4510=DIRECTION('',(0.,1.,0.));
#4511=DIRECTION('',(-1.,0.,0.));
#4512=DIRECTION('',(0.,1.,0.));
#4513=DIRECTION('',(-1.,0.,0.));
#4514=DIRECTION('',(0.,1.,0.));
#4515=DIRECTION('',(1.,0.,0.));
#4516=DIRECTION('',(0.,-1.,0.));
#4517=DIRECTION('',(-1.,0.,0.));
#4518=DIRECTION('center_axis',(-1.,0.,0.));
#4519=DIRECTION('ref_axis',(0.,0.,1.));
#4520=DIRECTION('',(0.,-1.,0.));
#4521=DIRECTION('',(0.,0.,1.));
#4522=DIRECTION('',(0.,1.,0.));
#4523=DIRECTION('',(0.,0.,1.));
#4524=DIRECTION('center_axis',(-1.,0.,0.));
#4525=DIRECTION('ref_axis',(0.,0.,1.));
#4526=DIRECTION('',(0.,0.,1.));
#4527=DIRECTION('',(0.,1.,0.));
#4528=DIRECTION('',(0.,0.,1.));
#4529=DIRECTION('center_axis',(0.,1.,0.));
#4530=DIRECTION('ref_axis',(0.,0.,1.));
#4531=DIRECTION('',(-1.,0.,0.));
#4532=DIRECTION('',(6.60847038467355E-17,0.,-1.));
#4533=DIRECTION('',(1.,0.,0.));
#4534=DIRECTION('center_axis',(0.,1.,0.));
#4535=DIRECTION('ref_axis',(0.,0.,1.));
#4536=DIRECTION('',(-1.,0.,0.));
#4537=DIRECTION('',(6.60847038467355E-17,0.,-1.));
#4538=DIRECTION('center_axis',(1.,0.,6.60847038467355E-17));
#4539=DIRECTION('ref_axis',(6.60847038467355E-17,0.,-1.));
#4540=DIRECTION('',(0.,1.,0.));
#4541=DIRECTION('',(6.60847038467355E-17,0.,-1.));
#4542=DIRECTION('',(0.,1.,0.));
#4543=DIRECTION('center_axis',(0.,0.,-1.));
#4544=DIRECTION('ref_axis',(-1.,0.,0.));
#4545=DIRECTION('',(-1.,0.,0.));
#4546=DIRECTION('',(0.,1.,0.));
#4547=DIRECTION('center_axis',(1.,0.,6.60847038467355E-17));
#4548=DIRECTION('ref_axis',(6.60847038467355E-17,0.,-1.));
#4549=DIRECTION('',(6.60847038467355E-17,0.,-1.));
#4550=DIRECTION('center_axis',(0.,0.,1.));
#4551=DIRECTION('ref_axis',(1.,0.,0.));
#4552=DIRECTION('',(1.,0.,0.));
#4553=DIRECTION('center_axis',(-1.,0.,0.));
#4554=DIRECTION('ref_axis',(0.,0.,-1.));
#4555=DIRECTION('',(0.,0.,1.));
#4556=DIRECTION('',(0.,-1.,0.));
#4557=DIRECTION('',(0.,0.,-1.));
#4558=DIRECTION('',(0.,-1.,0.));
#4559=DIRECTION('center_axis',(0.,0.,1.));
#4560=DIRECTION('ref_axis',(-1.,0.,0.));
#4561=DIRECTION('',(1.,0.,0.));
#4562=DIRECTION('',(-1.,0.,0.));
#4563=DIRECTION('',(0.,-1.,0.));
#4564=DIRECTION('center_axis',(1.,0.,-6.34413156928661E-17));
#4565=DIRECTION('ref_axis',(6.34413156928661E-17,0.,1.));
#4566=DIRECTION('',(-6.34413156928661E-17,0.,-1.));
#4567=DIRECTION('',(6.34413156928661E-17,0.,1.));
#4568=DIRECTION('',(0.,-1.,0.));
#4569=DIRECTION('center_axis',(0.,0.,-1.));
#4570=DIRECTION('ref_axis',(1.,0.,0.));
#4571=DIRECTION('',(-1.,0.,0.));
#4572=DIRECTION('',(1.,0.,0.));
#4573=DIRECTION('center_axis',(-1.,0.,0.));
#4574=DIRECTION('ref_axis',(0.,0.,1.));
#4575=DIRECTION('',(0.,0.,1.));
#4576=DIRECTION('',(0.,0.,1.));
#4577=DIRECTION('',(0.,1.,0.));
#4578=DIRECTION('center_axis',(1.,0.,4.67462326157961E-16));
#4579=DIRECTION('ref_axis',(4.67462326157961E-16,0.,-1.));
#4580=DIRECTION('',(4.67462326157961E-16,0.,-1.));
#4581=DIRECTION('',(0.,1.,0.));
#4582=DIRECTION('',(4.67462326157961E-16,0.,-1.));
#4583=DIRECTION('center_axis',(0.,0.,1.));
#4584=DIRECTION('ref_axis',(1.,0.,0.));
#4585=DIRECTION('',(1.,0.,0.));
#4586=DIRECTION('',(1.,0.,0.));
#4587=DIRECTION('',(1.,0.,0.));
#4588=DIRECTION('',(1.,0.,0.));
#4589=DIRECTION('center_axis',(0.,1.,0.));
#4590=DIRECTION('ref_axis',(0.,0.,1.));
#4591=DIRECTION('center_axis',(0.,-1.,0.));
#4592=DIRECTION('ref_axis',(0.640554158172716,0.,-0.767912996665405));
#4593=DIRECTION('center_axis',(0.,-1.,0.));
#4594=DIRECTION('ref_axis',(0.640554158172716,0.,-0.767912996665405));
#4595=DIRECTION('',(0.,1.,0.));
#4596=DIRECTION('center_axis',(0.,-1.,0.));
#4597=DIRECTION('ref_axis',(0.640554158172716,0.,-0.767912996665405));
#4598=DIRECTION('',(0.,1.,0.));
#4599=DIRECTION('center_axis',(0.,0.,1.));
#4600=DIRECTION('ref_axis',(1.,0.,0.));
#4601=DIRECTION('',(1.,0.,0.));
#4602=DIRECTION('',(0.,1.,0.));
#4603=DIRECTION('',(1.,0.,0.));
#4604=DIRECTION('center_axis',(0.115880699560178,0.,0.993263139087243));
#4605=DIRECTION('ref_axis',(0.993263139087243,0.,-0.115880699560178));
#4606=DIRECTION('',(0.993263139087243,0.,-0.115880699560178));
#4607=DIRECTION('',(0.,1.,0.));
#4608=DIRECTION('',(0.993263139087243,0.,-0.115880699560178));
#4609=DIRECTION('center_axis',(-0.0544644931598698,0.,0.998515707930946));
#4610=DIRECTION('ref_axis',(0.998515707930946,0.,0.0544644931598698));
#4611=DIRECTION('',(0.998515707930946,0.,0.0544644931598698));
#4612=DIRECTION('',(0.,1.,0.));
#4613=DIRECTION('',(0.998515707930946,0.,0.0544644931598698));
#4614=DIRECTION('center_axis',(0.,-1.,0.));
#4615=DIRECTION('ref_axis',(-0.908539355226149,0.,0.417799281958758));
#4616=DIRECTION('center_axis',(0.,-1.,0.));
#4617=DIRECTION('ref_axis',(-0.908539355226149,0.,0.417799281958758));
#4618=DIRECTION('',(0.,1.,0.));
#4619=DIRECTION('center_axis',(0.,-1.,0.));
#4620=DIRECTION('ref_axis',(-0.908539355226149,0.,0.417799281958758));
#4621=DIRECTION('center_axis',(0.,1.,0.));
#4622=DIRECTION('ref_axis',(0.640554158172716,0.,0.767912996665405));
#4623=DIRECTION('center_axis',(0.,1.,0.));
#4624=DIRECTION('ref_axis',(0.640554158172716,0.,0.767912996665405));
#4625=DIRECTION('center_axis',(0.,1.,0.));
#4626=DIRECTION('ref_axis',(0.640554158172716,0.,0.767912996665405));
#4627=DIRECTION('',(0.,1.,0.));
#4628=DIRECTION('center_axis',(0.,0.,1.));
#4629=DIRECTION('ref_axis',(1.,0.,0.));
#4630=DIRECTION('',(1.,0.,0.));
#4631=DIRECTION('',(1.,0.,0.));
#4632=DIRECTION('',(0.,1.,0.));
#4633=DIRECTION('center_axis',(-0.115880699560178,0.,0.993263139087243));
#4634=DIRECTION('ref_axis',(0.993263139087243,0.,0.115880699560178));
#4635=DIRECTION('',(0.993263139087243,0.,0.115880699560178));
#4636=DIRECTION('',(0.993263139087243,0.,0.115880699560178));
#4637=DIRECTION('',(0.,1.,0.));
#4638=DIRECTION('center_axis',(0.0544644931598698,0.,0.998515707930946));
#4639=DIRECTION('ref_axis',(0.998515707930946,0.,-0.0544644931598698));
#4640=DIRECTION('',(0.998515707930946,0.,-0.0544644931598698));
#4641=DIRECTION('',(0.998515707930946,0.,-0.0544644931598698));
#4642=DIRECTION('',(0.,1.,0.));
#4643=DIRECTION('center_axis',(0.,1.,0.));
#4644=DIRECTION('ref_axis',(-0.908539355226149,0.,-0.417799281958758));
#4645=DIRECTION('center_axis',(0.,1.,0.));
#4646=DIRECTION('ref_axis',(-0.908539355226149,0.,-0.417799281958758));
#4647=DIRECTION('center_axis',(0.,1.,0.));
#4648=DIRECTION('ref_axis',(-0.908539355226149,0.,-0.417799281958758));
#4649=DIRECTION('center_axis',(0.,1.,0.));
#4650=DIRECTION('ref_axis',(1.,0.,0.));
#4651=DIRECTION('center_axis',(0.,1.,0.));
#4652=DIRECTION('ref_axis',(1.,0.,0.));
#4653=DIRECTION('axis',(0.,0.,1.));
#4654=DIRECTION('refdir',(1.,0.,0.));
#4655=DIRECTION('center_axis',(1.,0.,0.));
#4656=DIRECTION('ref_axis',(0.,-1.,0.));
#4657=DIRECTION('',(0.,1.,0.));
#4658=DIRECTION('',(0.,0.,-1.));
#4659=DIRECTION('',(0.,-1.,0.));
#4660=DIRECTION('',(0.,0.,-1.));
#4661=DIRECTION('center_axis',(-1.,0.,0.));
#4662=DIRECTION('ref_axis',(0.,1.,0.));
#4663=DIRECTION('',(0.,-1.,0.));
#4664=DIRECTION('',(0.,0.,-1.));
#4665=DIRECTION('',(0.,1.,0.));
#4666=DIRECTION('',(0.,0.,-1.));
#4667=DIRECTION('center_axis',(0.,0.,-1.));
#4668=DIRECTION('ref_axis',(-1.,0.,0.));
#4669=DIRECTION('',(-1.,0.,0.));
#4670=DIRECTION('',(0.,1.,0.));
#4671=DIRECTION('center_axis',(0.,0.,1.));
#4672=DIRECTION('ref_axis',(1.,0.,0.));
#4673=DIRECTION('center_axis',(0.,0.,1.));
#4674=DIRECTION('ref_axis',(1.,0.,0.));
#4675=DIRECTION('',(0.,-1.,0.));
#4676=DIRECTION('',(-1.,0.,0.));
#4677=DIRECTION('',(0.,1.,0.));
#4678=DIRECTION('',(1.,0.,0.));
#4679=DIRECTION('center_axis',(0.,0.,1.));
#4680=DIRECTION('ref_axis',(1.,0.,0.));
#4681=DIRECTION('center_axis',(0.,0.,1.));
#4682=DIRECTION('ref_axis',(1.,0.,0.));
#4683=DIRECTION('center_axis',(0.,0.,-1.));
#4684=DIRECTION('ref_axis',(-1.,0.,0.));
#4685=DIRECTION('',(1.,0.,0.));
#4686=DIRECTION('',(0.,1.,0.));
#4687=DIRECTION('',(-1.,0.,0.));
#4688=DIRECTION('center_axis',(0.,0.,-1.));
#4689=DIRECTION('ref_axis',(-1.,0.,0.));
#4690=DIRECTION('',(-1.,0.,0.));
#4691=DIRECTION('',(0.,1.,0.));
#4692=DIRECTION('',(1.,0.,0.));
#4693=DIRECTION('center_axis',(0.,0.,-1.));
#4694=DIRECTION('ref_axis',(-1.,0.,0.));
#4695=DIRECTION('',(1.,0.,0.));
#4696=DIRECTION('',(0.,1.,0.));
#4697=DIRECTION('',(-1.,0.,0.));
#4698=DIRECTION('',(0.,-1.,0.));
#4699=DIRECTION('center_axis',(0.,0.,1.));
#4700=DIRECTION('ref_axis',(1.,0.,0.));
#4701=DIRECTION('center_axis',(0.,0.,1.));
#4702=DIRECTION('ref_axis',(1.,0.,0.));
#4703=DIRECTION('',(0.,1.,0.));
#4704=DIRECTION('',(-1.,0.,0.));
#4705=DIRECTION('center_axis',(0.,0.,1.));
#4706=DIRECTION('ref_axis',(1.,0.,0.));
#4707=DIRECTION('center_axis',(0.,0.,1.));
#4708=DIRECTION('ref_axis',(1.,0.,0.));
#4709=DIRECTION('center_axis',(0.,0.,1.));
#4710=DIRECTION('ref_axis',(1.,0.,0.));
#4711=DIRECTION('',(0.,0.,-1.));
#4712=DIRECTION('center_axis',(0.,0.,-1.));
#4713=DIRECTION('ref_axis',(1.,0.,0.));
#4714=DIRECTION('center_axis',(0.,0.,1.));
#4715=DIRECTION('ref_axis',(1.,0.,0.));
#4716=DIRECTION('',(0.,0.,-1.));
#4717=DIRECTION('center_axis',(0.,0.,-1.));
#4718=DIRECTION('ref_axis',(1.,0.,0.));
#4719=DIRECTION('center_axis',(0.,0.,1.));
#4720=DIRECTION('ref_axis',(1.,0.,0.));
#4721=DIRECTION('',(0.,0.,1.));
#4722=DIRECTION('',(0.,0.,-1.));
#4723=DIRECTION('center_axis',(0.,0.,1.));
#4724=DIRECTION('ref_axis',(1.,0.,0.));
#4725=DIRECTION('center_axis',(0.,0.,1.));
#4726=DIRECTION('ref_axis',(1.,0.,0.));
#4727=DIRECTION('center_axis',(0.,0.,1.));
#4728=DIRECTION('ref_axis',(1.,0.,0.));
#4729=DIRECTION('',(0.,0.,-1.));
#4730=DIRECTION('center_axis',(0.,0.,1.));
#4731=DIRECTION('ref_axis',(1.,0.,0.));
#4732=DIRECTION('',(0.,1.,0.));
#4733=DIRECTION('',(-1.,0.,0.));
#4734=DIRECTION('',(0.,-1.,0.));
#4735=DIRECTION('center_axis',(-1.,0.,0.));
#4736=DIRECTION('ref_axis',(0.,1.,0.));
#4737=DIRECTION('',(0.,0.,-1.));
#4738=DIRECTION('center_axis',(1.,0.,0.));
#4739=DIRECTION('ref_axis',(0.,-1.,0.));
#4740=DIRECTION('',(0.,0.,1.));
#4741=DIRECTION('center_axis',(0.,-1.,0.));
#4742=DIRECTION('ref_axis',(5.07530525542929E-15,0.,-1.));
#4743=DIRECTION('center_axis',(0.,-1.,0.));
#4744=DIRECTION('ref_axis',(5.07530525542929E-15,0.,-1.));
#4745=DIRECTION('',(0.,1.,0.));
#4746=DIRECTION('center_axis',(0.,-1.,0.));
#4747=DIRECTION('ref_axis',(5.07530525542929E-15,0.,-1.));
#4748=DIRECTION('center_axis',(0.,0.,1.));
#4749=DIRECTION('ref_axis',(1.,0.,0.));
#4750=DIRECTION('',(-1.,0.,0.));
#4751=DIRECTION('',(0.,1.,0.));
#4752=DIRECTION('',(1.,0.,0.));
#4753=DIRECTION('center_axis',(0.,-1.,0.));
#4754=DIRECTION('ref_axis',(-0.152941176470586,0.,0.988235294117647));
#4755=DIRECTION('center_axis',(0.,-1.,0.));
#4756=DIRECTION('ref_axis',(-0.152941176470586,0.,0.988235294117647));
#4757=DIRECTION('center_axis',(0.,-1.,0.));
#4758=DIRECTION('ref_axis',(-0.152941176470586,0.,0.988235294117647));
#4759=DIRECTION('center_axis',(0.,-1.,0.));
#4760=DIRECTION('ref_axis',(1.,0.,0.));
#4761=DIRECTION('',(0.,0.,1.));
#4762=DIRECTION('',(-1.,0.,0.));
#4763=DIRECTION('',(0.,0.,-1.));
#4764=DIRECTION('center_axis',(0.,1.,0.));
#4765=DIRECTION('ref_axis',(-0.152941176470586,0.,-0.988235294117647));
#4766=DIRECTION('',(1.,0.,0.));
#4767=DIRECTION('center_axis',(0.,1.,0.));
#4768=DIRECTION('ref_axis',(5.07530525542929E-15,0.,1.));
#4769=DIRECTION('center_axis',(0.,-1.,0.));
#4770=DIRECTION('ref_axis',(1.,0.,0.));
#4771=DIRECTION('center_axis',(0.,1.,0.));
#4772=DIRECTION('ref_axis',(5.07530525542929E-15,0.,1.));
#4773=DIRECTION('',(-1.,0.,0.));
#4774=DIRECTION('center_axis',(0.,1.,0.));
#4775=DIRECTION('ref_axis',(-0.152941176470586,0.,-0.988235294117647));
#4776=DIRECTION('center_axis',(0.,0.,1.));
#4777=DIRECTION('ref_axis',(1.,0.,0.));
#4778=DIRECTION('',(0.,0.,1.));
#4779=DIRECTION('center_axis',(0.,0.,-1.));
#4780=DIRECTION('ref_axis',(1.,0.,0.));
#4781=DIRECTION('center_axis',(0.,0.,1.));
#4782=DIRECTION('ref_axis',(1.,0.,0.));
#4783=DIRECTION('',(0.,0.,1.));
#4784=DIRECTION('center_axis',(0.,0.,-1.));
#4785=DIRECTION('ref_axis',(1.,0.,0.));
#4786=DIRECTION('center_axis',(0.,0.,1.));
#4787=DIRECTION('ref_axis',(1.,0.,0.));
#4788=DIRECTION('',(0.,0.,-1.));
#4789=DIRECTION('center_axis',(0.,0.,1.));
#4790=DIRECTION('ref_axis',(1.,0.,0.));
#4791=DIRECTION('',(0.,0.,1.));
#4792=DIRECTION('center_axis',(0.,0.,1.));
#4793=DIRECTION('ref_axis',(1.,0.,0.));
#4794=DIRECTION('',(0.,0.,1.));
#4795=DIRECTION('center_axis',(0.,0.,1.));
#4796=DIRECTION('ref_axis',(1.,0.,0.));
#4797=DIRECTION('center_axis',(0.,0.,1.));
#4798=DIRECTION('ref_axis',(1.,0.,0.));
#4799=DIRECTION('',(0.,-1.,0.));
#4800=DIRECTION('',(0.,1.,0.));
#4801=DIRECTION('center_axis',(1.,0.,0.));
#4802=DIRECTION('ref_axis',(0.,1.,0.));
#4803=DIRECTION('center_axis',(-1.,0.,0.));
#4804=DIRECTION('ref_axis',(0.,-1.,0.));
#4805=DIRECTION('center_axis',(0.,1.,0.));
#4806=DIRECTION('ref_axis',(5.07530525542929E-15,0.,1.));
#4807=DIRECTION('',(0.,1.,0.));
#4808=DIRECTION('center_axis',(0.,0.,1.));
#4809=DIRECTION('ref_axis',(1.,0.,0.));
#4810=DIRECTION('',(0.,1.,0.));
#4811=DIRECTION('center_axis',(0.,1.,0.));
#4812=DIRECTION('ref_axis',(-0.152941176470586,0.,-0.988235294117647));
#4813=DIRECTION('',(0.,0.,1.));
#4814=DIRECTION('',(1.,0.,0.));
#4815=DIRECTION('',(0.,0.,1.));
#4816=DIRECTION('',(1.,0.,0.));
#4817=DIRECTION('',(0.,0.,1.));
#4818=DIRECTION('',(1.,0.,0.));
#4819=DIRECTION('',(0.,0.,1.));
#4820=DIRECTION('',(1.,0.,0.));
#4821=DIRECTION('',(0.,0.,1.));
#4822=DIRECTION('',(1.,0.,0.));
#4823=DIRECTION('',(0.,0.,1.));
#4824=DIRECTION('',(1.,0.,0.));
#4825=DIRECTION('',(0.,0.,1.));
#4826=DIRECTION('',(1.,0.,0.));
#4827=CARTESIAN_POINT('',(0.,0.,0.));
#4828=CARTESIAN_POINT('',(0.,0.,0.));
#4829=CARTESIAN_POINT('Origin',(-5.45,23.3,10.5));
#4830=CARTESIAN_POINT('',(-12.1096189432334,23.3,7.5));
#4831=CARTESIAN_POINT('',(-12.,23.3,7.5632885263841));
#4832=CARTESIAN_POINT('',(-8.90793331506585,23.3,9.34849405928311));
#4833=CARTESIAN_POINT('',(-18.55,23.3,7.5));
#4834=CARTESIAN_POINT('',(-18.55,23.3,7.5));
#4835=CARTESIAN_POINT('',(-18.55,23.3,10.5));
#4836=CARTESIAN_POINT('',(-18.55,23.3,10.5));
#4837=CARTESIAN_POINT('',(-5.45,23.3,10.5));
#4838=CARTESIAN_POINT('',(-8.725,23.3,10.5));
#4839=CARTESIAN_POINT('',(-5.45,23.3,7.5));
#4840=CARTESIAN_POINT('',(-5.45,23.3,10.5));
#4841=CARTESIAN_POINT('',(-11.8903810567666,23.3,7.5));
#4842=CARTESIAN_POINT('',(-18.55,23.3,7.5));
#4843=CARTESIAN_POINT('',(-6.90456668493415,23.3,4.62143873029304));
#4844=CARTESIAN_POINT('Origin',(-12.,26.7,7.5));
#4845=CARTESIAN_POINT('',(-11.8903810567666,30.1,7.5));
#4846=CARTESIAN_POINT('',(-11.8903810567666,28.4,7.5));
#4847=CARTESIAN_POINT('',(-5.45,30.1,7.5));
#4848=CARTESIAN_POINT('',(-5.45,23.3,7.5));
#4849=CARTESIAN_POINT('',(-5.45,30.1,7.5));
#4850=CARTESIAN_POINT('Origin',(-5.45,30.1,10.5));
#4851=CARTESIAN_POINT('',(-5.45,30.1,10.5));
#4852=CARTESIAN_POINT('',(-5.45,22.05,10.5));
#4853=CARTESIAN_POINT('',(-5.45,30.1,10.5));
#4854=CARTESIAN_POINT('Origin',(-18.55,23.3,10.5));
#4855=CARTESIAN_POINT('',(-18.55,30.1,10.5));
#4856=CARTESIAN_POINT('',(-18.55,18.65,10.5));
#4857=CARTESIAN_POINT('',(-18.55,30.1,7.5));
#4858=CARTESIAN_POINT('',(-18.55,30.1,7.5));
#4859=CARTESIAN_POINT('',(-18.55,30.1,10.5));
#4860=CARTESIAN_POINT('Origin',(-12.,26.7,7.5));
#4861=CARTESIAN_POINT('',(-12.1096189432334,30.1,7.5));
#4862=CARTESIAN_POINT('',(-12.1096189432334,28.4,7.5));
#4863=CARTESIAN_POINT('',(-5.45,30.1,7.5));
#4864=CARTESIAN_POINT('Origin',(-5.45,30.1,3.78164426319205));
#4865=CARTESIAN_POINT('',(-5.45,30.1,3.78164426319205));
#4866=CARTESIAN_POINT('',(-12.,30.1,7.5632885263841));
#4867=CARTESIAN_POINT('',(-5.45,10.1,3.78164426319205));
#4868=CARTESIAN_POINT('',(-5.45,30.1,3.78164426319205));
#4869=CARTESIAN_POINT('',(-6.4,10.1,4.33012701892219));
#4870=CARTESIAN_POINT('',(-4.9875,10.1,3.51461976369185));
#4871=CARTESIAN_POINT('',(-11.8903810567666,10.1,7.5));
#4872=CARTESIAN_POINT('',(-12.,10.1,7.5632885263841));
#4873=CARTESIAN_POINT('',(-11.8903810567666,16.9,7.5));
#4874=CARTESIAN_POINT('',(-11.8903810567666,21.8,7.5));
#4875=CARTESIAN_POINT('',(-12.,16.9,7.5632885263841));
#4876=CARTESIAN_POINT('',(-11.8170666849342,16.9,7.45767192768708));
#4877=CARTESIAN_POINT('',(-12.,30.1,7.5632885263841));
#4878=CARTESIAN_POINT('Origin',(-12.,13.5,7.5));
#4879=CARTESIAN_POINT('',(-6.4,10.1,7.5));
#4880=CARTESIAN_POINT('',(-18.55,10.1,7.5));
#4881=CARTESIAN_POINT('',(-5.45,10.1,7.5));
#4882=CARTESIAN_POINT('',(-9.2,10.1,7.5));
#4883=CARTESIAN_POINT('',(-5.45,16.9,7.5));
#4884=CARTESIAN_POINT('',(-5.45,10.1,7.5));
#4885=CARTESIAN_POINT('',(-5.45,16.9,7.5));
#4886=CARTESIAN_POINT('Origin',(-5.45,16.9,10.5));
#4887=CARTESIAN_POINT('',(-5.45,16.9,10.5));
#4888=CARTESIAN_POINT('',(-5.45,10.1,10.5));
#4889=CARTESIAN_POINT('',(-5.45,15.45,10.5));
#4890=CARTESIAN_POINT('',(-5.45,16.9,10.5));
#4891=CARTESIAN_POINT('',(-5.45,10.1,5.25));
#4892=CARTESIAN_POINT('Origin',(-18.55,16.9,10.5));
#4893=CARTESIAN_POINT('',(-12.1096189432334,16.9,7.5));
#4894=CARTESIAN_POINT('',(-13.8204333150659,16.9,6.51226086188907));
#4895=CARTESIAN_POINT('',(-18.55,16.9,10.5));
#4896=CARTESIAN_POINT('',(-15.275,16.9,10.5));
#4897=CARTESIAN_POINT('',(-18.55,16.9,7.5));
#4898=CARTESIAN_POINT('',(-18.55,16.9,10.5));
#4899=CARTESIAN_POINT('',(-5.45,16.9,7.5));
#4900=CARTESIAN_POINT('Origin',(-18.55,10.1,10.5));
#4901=CARTESIAN_POINT('',(-18.55,10.1,10.5));
#4902=CARTESIAN_POINT('',(-18.55,12.05,10.5));
#4903=CARTESIAN_POINT('',(-18.55,10.1,7.5));
#4904=CARTESIAN_POINT('',(-18.55,10.1,5.25));
#4905=CARTESIAN_POINT('',(-18.55,16.9,7.5));
#4906=CARTESIAN_POINT('Origin',(-12.,13.5,7.5));
#4907=CARTESIAN_POINT('',(-12.1096189432334,10.1,7.5));
#4908=CARTESIAN_POINT('',(-12.1096189432334,21.8,7.5));
#4909=CARTESIAN_POINT('',(-17.6,10.1,7.5));
#4910=CARTESIAN_POINT('',(-16.75,10.1,7.5));
#4911=CARTESIAN_POINT('',(-18.55,10.1,7.5));
#4912=CARTESIAN_POINT('Origin',(-6.4,10.1,0.));
#4913=CARTESIAN_POINT('',(-6.4,10.1,0.));
#4914=CARTESIAN_POINT('',(-5.45,10.1,-3.78164426319205));
#4915=CARTESIAN_POINT('',(-5.45,10.1,-1.89082213159602));
#4916=CARTESIAN_POINT('',(-6.4,10.1,-4.33012701892219));
#4917=CARTESIAN_POINT('',(-8.2625,10.1,-5.40544189528787));
#4918=CARTESIAN_POINT('',(-6.4,10.1,-10.5));
#4919=CARTESIAN_POINT('',(-6.4,10.1,0.));
#4920=CARTESIAN_POINT('',(-2.5,10.1,-10.5));
#4921=CARTESIAN_POINT('',(-6.4,10.1,-10.5));
#4922=CARTESIAN_POINT('',(-2.5,10.1,10.5));
#4923=CARTESIAN_POINT('',(-2.5,10.1,0.));
#4924=CARTESIAN_POINT('',(-6.4,10.1,10.5));
#4925=CARTESIAN_POINT('Origin',(-12.,14.,10.5));
#4926=CARTESIAN_POINT('',(-6.4,10.1,10.5));
#4927=CARTESIAN_POINT('',(-17.6,10.1,10.5));
#4928=CARTESIAN_POINT('',(-8.725,10.1,10.5));
#4929=CARTESIAN_POINT('',(-17.6,-5.1,10.5));
#4930=CARTESIAN_POINT('',(-17.6,10.1,10.5));
#4931=CARTESIAN_POINT('',(-6.4,-5.1,10.5));
#4932=CARTESIAN_POINT('',(-17.6,-5.1,10.5));
#4933=CARTESIAN_POINT('',(-6.4,-5.1,10.5));
#4934=CARTESIAN_POINT('',(-14.6,2.1,10.5));
#4935=CARTESIAN_POINT('',(-9.4,2.1,10.5));
#4936=CARTESIAN_POINT('',(-10.7,2.1,10.5));
#4937=CARTESIAN_POINT('',(-9.4,-2.1,10.5));
#4938=CARTESIAN_POINT('',(-9.4,5.95,10.5));
#4939=CARTESIAN_POINT('',(-14.6,-2.1,10.5));
#4940=CARTESIAN_POINT('',(-13.3,-2.1,10.5));
#4941=CARTESIAN_POINT('',(-14.6,8.05,10.5));
#4942=CARTESIAN_POINT('Origin',(-12.,10.1,-1.11022302462516E-15));
#4943=CARTESIAN_POINT('',(-6.4,10.1,0.));
#4944=CARTESIAN_POINT('',(-12.,10.1,-7.5632885263841));
#4945=CARTESIAN_POINT('',(-5.45,10.1,-3.78164426319205));
#4946=CARTESIAN_POINT('',(-17.6,10.1,-4.33012701892219));
#4947=CARTESIAN_POINT('',(-12.,10.1,-7.5632885263841));
#4948=CARTESIAN_POINT('',(-17.6,10.1,4.33012701892219));
#4949=CARTESIAN_POINT('',(-17.6,10.1,0.));
#4950=CARTESIAN_POINT('',(-18.55,10.1,3.78164426319205));
#4951=CARTESIAN_POINT('',(-17.6,10.1,0.));
#4952=CARTESIAN_POINT('',(-6.4,10.1,0.));
#4953=CARTESIAN_POINT('Origin',(-12.,33.1,0.));
#4954=CARTESIAN_POINT('',(-16.3,33.1,5.26598123633362E-16));
#4955=CARTESIAN_POINT('Origin',(-12.,33.1,0.));
#4956=CARTESIAN_POINT('',(-16.3,30.1,5.26598123633362E-16));
#4957=CARTESIAN_POINT('',(-16.3,33.1,-5.26598123633362E-16));
#4958=CARTESIAN_POINT('Origin',(-12.,30.1,0.));
#4959=CARTESIAN_POINT('Origin',(-5.45,30.1,-3.78164426319205));
#4960=CARTESIAN_POINT('',(-5.45,30.1,-3.78164426319205));
#4961=CARTESIAN_POINT('',(-5.45,30.1,3.78164426319205));
#4962=CARTESIAN_POINT('',(-5.45,30.1,-3.78164426319205));
#4963=CARTESIAN_POINT('Origin',(-12.,30.1,-7.5632885263841));
#4964=CARTESIAN_POINT('',(-12.,30.1,-7.5632885263841));
#4965=CARTESIAN_POINT('',(-5.45,30.1,-3.78164426319205));
#4966=CARTESIAN_POINT('',(-12.,30.1,-7.5632885263841));
#4967=CARTESIAN_POINT('Origin',(-18.55,30.1,-3.78164426319205));
#4968=CARTESIAN_POINT('',(-18.55,30.1,-3.78164426319205));
#4969=CARTESIAN_POINT('',(-12.,30.1,-7.5632885263841));
#4970=CARTESIAN_POINT('',(-18.55,10.1,-3.78164426319205));
#4971=CARTESIAN_POINT('',(-18.55,30.1,-3.78164426319205));
#4972=CARTESIAN_POINT('',(-20.475,10.1,-2.67024499500202));
#4973=CARTESIAN_POINT('Origin',(-18.55,30.1,3.78164426319205));
#4974=CARTESIAN_POINT('',(-18.55,30.1,3.78164426319205));
#4975=CARTESIAN_POINT('',(-18.55,30.1,-3.78164426319205));
#4976=CARTESIAN_POINT('',(-18.55,10.1,3.78164426319205));
#4977=CARTESIAN_POINT('',(-18.55,30.1,3.78164426319205));
#4978=CARTESIAN_POINT('',(-18.55,10.1,1.89082213159602));
#4979=CARTESIAN_POINT('Origin',(-12.,30.1,7.5632885263841));
#4980=CARTESIAN_POINT('',(-17.2,10.1,4.56106712659804));
#4981=CARTESIAN_POINT('',(-18.55,30.1,3.78164426319205));
#4982=CARTESIAN_POINT('Origin',(-12.,30.1,-1.11022302462516E-15));
#4983=CARTESIAN_POINT('',(-15.275,30.1,10.5));
#4984=CARTESIAN_POINT('Origin',(-9.4,2.1,0.));
#4985=CARTESIAN_POINT('',(-14.6,2.1,-10.5));
#4986=CARTESIAN_POINT('',(-14.6,2.1,0.));
#4987=CARTESIAN_POINT('',(-9.4,2.1,-10.5));
#4988=CARTESIAN_POINT('',(-10.7,2.1,-10.5));
#4989=CARTESIAN_POINT('',(-9.4,2.1,0.));
#4990=CARTESIAN_POINT('Origin',(-9.4,-2.1,0.));
#4991=CARTESIAN_POINT('',(-9.4,-2.1,-10.5));
#4992=CARTESIAN_POINT('',(-9.4,5.95,-10.5));
#4993=CARTESIAN_POINT('',(-9.4,-2.1,0.));
#4994=CARTESIAN_POINT('Origin',(-14.6,-2.1,0.));
#4995=CARTESIAN_POINT('',(-14.6,-2.1,-10.5));
#4996=CARTESIAN_POINT('',(-13.3,-2.1,-10.5));
#4997=CARTESIAN_POINT('',(-14.6,-2.1,0.));
#4998=CARTESIAN_POINT('Origin',(-14.6,2.1,0.));
#4999=CARTESIAN_POINT('',(-14.6,8.05,-10.5));
#5000=CARTESIAN_POINT('Origin',(-12.,14.,-10.5));
#5001=CARTESIAN_POINT('',(-17.6,-5.1,-10.5));
#5002=CARTESIAN_POINT('',(-17.6,10.1,-10.5));
#5003=CARTESIAN_POINT('',(-17.6,10.1,-10.5));
#5004=CARTESIAN_POINT('',(-21.5,10.1,-10.5));
#5005=CARTESIAN_POINT('',(-21.5,10.1,-10.5));
#5006=CARTESIAN_POINT('',(-21.5,33.1,-10.5));
#5007=CARTESIAN_POINT('',(-21.5,33.1,-10.5));
#5008=CARTESIAN_POINT('',(-2.5,33.1,-10.5));
#5009=CARTESIAN_POINT('',(-2.5,33.1,-10.5));
#5010=CARTESIAN_POINT('',(-2.5,10.1,-10.5));
#5011=CARTESIAN_POINT('',(-6.4,-5.1,-10.5));
#5012=CARTESIAN_POINT('',(-6.4,-5.1,-10.5));
#5013=CARTESIAN_POINT('',(-17.6,-5.1,-10.5));
#5014=CARTESIAN_POINT('Origin',(-21.5,10.1,0.));
#5015=CARTESIAN_POINT('',(-21.5,10.1,10.5));
#5016=CARTESIAN_POINT('',(-21.5,10.1,10.5));
#5017=CARTESIAN_POINT('',(-21.5,10.1,0.));
#5018=CARTESIAN_POINT('',(-17.6,10.1,0.));
#5019=CARTESIAN_POINT('',(-17.6,10.1,0.));
#5020=CARTESIAN_POINT('Origin',(-21.5,33.1,0.));
#5021=CARTESIAN_POINT('',(-21.5,33.1,10.5));
#5022=CARTESIAN_POINT('',(-21.5,33.1,10.5));
#5023=CARTESIAN_POINT('',(-21.5,33.1,0.));
#5024=CARTESIAN_POINT('Origin',(-2.5,33.1,0.));
#5025=CARTESIAN_POINT('',(-2.5,33.1,10.5));
#5026=CARTESIAN_POINT('',(-2.5,33.1,10.5));
#5027=CARTESIAN_POINT('',(-2.5,33.1,0.));
#5028=CARTESIAN_POINT('Origin',(-2.5,10.1,0.));
#5029=CARTESIAN_POINT('',(-2.5,10.1,10.5));
#5030=CARTESIAN_POINT('Origin',(-6.4,-5.1,0.));
#5031=CARTESIAN_POINT('',(-6.4,-5.1,0.));
#5032=CARTESIAN_POINT('Origin',(-17.6,-5.1,0.));
#5033=CARTESIAN_POINT('',(-17.6,-5.1,0.));
#5034=CARTESIAN_POINT('Origin',(-17.6,10.1,0.));
#5035=CARTESIAN_POINT('Origin',(-12.,14.,10.5));
#5036=CARTESIAN_POINT('',(0.,0.,0.));
#5037=CARTESIAN_POINT('Origin',(-12.,177.5,0.));
#5038=CARTESIAN_POINT('',(-10.35,177.5,3.69864840178138));
#5039=CARTESIAN_POINT('',(-13.65,177.5,3.69864840178138));
#5040=CARTESIAN_POINT('Ctrl Pts',(-10.35,177.5,3.69864840178138));
#5041=CARTESIAN_POINT('Ctrl Pts',(-10.35,177.709970695227,3.69864840178138));
#5042=CARTESIAN_POINT('Ctrl Pts',(-10.3924649764677,177.931987525588,3.71842106295976));
#5043=CARTESIAN_POINT('Ctrl Pts',(-10.5615409464061,178.337626621353,3.78703828888028));
#5044=CARTESIAN_POINT('Ctrl Pts',(-10.6880514531954,178.521503831111,3.83461721299177));
#5045=CARTESIAN_POINT('Ctrl Pts',(-10.9783370658657,178.811789443781,3.92194500771107));
#5046=CARTESIAN_POINT('Ctrl Pts',(-11.1622740923799,178.938420374087,3.96773688003723));
#5047=CARTESIAN_POINT('Ctrl Pts',(-11.5681480723914,179.10758883803,4.03214887666556));
#5048=CARTESIAN_POINT('Ctrl Pts',(-11.7902593449191,179.15,4.05));
#5049=CARTESIAN_POINT('Ctrl Pts',(-12.2097406550809,179.15,4.05));
#5050=CARTESIAN_POINT('Ctrl Pts',(-12.4318519276086,179.10758883803,4.03214887666556));
#5051=CARTESIAN_POINT('Ctrl Pts',(-12.8377259076201,178.938420374087,3.96773688003723));
#5052=CARTESIAN_POINT('Ctrl Pts',(-13.0216629341343,178.811789443781,3.92194500771107));
#5053=CARTESIAN_POINT('Ctrl Pts',(-13.3119485468046,178.521503831111,3.83461721299177));
#5054=CARTESIAN_POINT('Ctrl Pts',(-13.4384590535939,178.337626621353,3.78703828888028));
#5055=CARTESIAN_POINT('Ctrl Pts',(-13.6075350235323,177.931987525588,3.71842106295976));
#5056=CARTESIAN_POINT('Ctrl Pts',(-13.65,177.709970695227,3.69864840178139));
#5057=CARTESIAN_POINT('Ctrl Pts',(-13.65,177.5,3.69864840178139));
#5058=CARTESIAN_POINT('Ctrl Pts',(-13.65,177.5,3.69864840178139));
#5059=CARTESIAN_POINT('Ctrl Pts',(-13.65,177.290029304773,3.69864840178139));
#5060=CARTESIAN_POINT('Ctrl Pts',(-13.6075350235323,177.068012474412,3.71842106295976));
#5061=CARTESIAN_POINT('Ctrl Pts',(-13.4384590535939,176.662373378647,3.78703828888028));
#5062=CARTESIAN_POINT('Ctrl Pts',(-13.3119485468046,176.478496168889,3.83461721299177));
#5063=CARTESIAN_POINT('Ctrl Pts',(-13.0216629341343,176.188210556219,3.92194500771107));
#5064=CARTESIAN_POINT('Ctrl Pts',(-12.8377259076201,176.061579625913,3.96773688003723));
#5065=CARTESIAN_POINT('Ctrl Pts',(-12.4318519276086,175.89241116197,4.03214887666556));
#5066=CARTESIAN_POINT('Ctrl Pts',(-12.2097406550809,175.85,4.05));
#5067=CARTESIAN_POINT('Ctrl Pts',(-11.7902593449191,175.85,4.05));
#5068=CARTESIAN_POINT('Ctrl Pts',(-11.5681480723914,175.89241116197,4.03214887666556));
#5069=CARTESIAN_POINT('Ctrl Pts',(-11.1622740923799,176.061579625913,3.96773688003723));
#5070=CARTESIAN_POINT('Ctrl Pts',(-10.9783370658657,176.188210556219,3.92194500771107));
#5071=CARTESIAN_POINT('Ctrl Pts',(-10.6880514531954,176.478496168889,3.83461721299177));
#5072=CARTESIAN_POINT('Ctrl Pts',(-10.5615409464061,176.662373378647,3.78703828888028));
#5073=CARTESIAN_POINT('Ctrl Pts',(-10.3924649764677,177.068012474412,3.71842106295976));
#5074=CARTESIAN_POINT('Ctrl Pts',(-10.35,177.290029304773,3.69864840178139));
#5075=CARTESIAN_POINT('Ctrl Pts',(-10.35,177.5,3.69864840178139));
#5076=CARTESIAN_POINT('',(-13.65,177.5,7.82799463464302));
#5077=CARTESIAN_POINT('',(-13.65,177.5,0.));
#5078=CARTESIAN_POINT('',(-12.,175.85,8.));
#5079=CARTESIAN_POINT('Ctrl Pts',(-12.,175.85,8.));
#5080=CARTESIAN_POINT('Ctrl Pts',(-12.2078141121699,175.85,8.));
#5081=CARTESIAN_POINT('Ctrl Pts',(-12.4290770125058,175.891653534777,7.99108461698348));
#5082=CARTESIAN_POINT('Ctrl Pts',(-12.8354314252657,176.060229274102,7.95886893814654));
#5083=CARTESIAN_POINT('Ctrl Pts',(-13.0205713260788,176.187118948163,7.93601030932165));
#5084=CARTESIAN_POINT('Ctrl Pts',(-13.3128903375149,176.479437959599,7.89291753385922));
#5085=CARTESIAN_POINT('Ctrl Pts',(-13.4397727417839,176.664573925664,7.86984281409473));
#5086=CARTESIAN_POINT('Ctrl Pts',(-13.6083432028731,177.070914631949,7.83712981553471));
#5087=CARTESIAN_POINT('Ctrl Pts',(-13.65,177.292172684746,7.82799463464303));
#5088=CARTESIAN_POINT('Ctrl Pts',(-13.65,177.5,7.82799463464303));
#5089=CARTESIAN_POINT('',(-12.,179.15,8.));
#5090=CARTESIAN_POINT('Ctrl Pts',(-12.,179.15,8.));
#5091=CARTESIAN_POINT('Ctrl Pts',(-11.7921858878301,179.15,8.));
#5092=CARTESIAN_POINT('Ctrl Pts',(-11.5709229874942,179.108346465223,7.99108461698348));
#5093=CARTESIAN_POINT('Ctrl Pts',(-11.1645685747343,178.939770725898,7.95886893814654));
#5094=CARTESIAN_POINT('Ctrl Pts',(-10.9794286739212,178.812881051837,7.93601030932165));
#5095=CARTESIAN_POINT('Ctrl Pts',(-10.6871096624851,178.520562040401,7.89291753385922));
#5096=CARTESIAN_POINT('Ctrl Pts',(-10.5602272582161,178.335426074336,7.86984281409473));
#5097=CARTESIAN_POINT('Ctrl Pts',(-10.3916567971269,177.929085368051,7.83712981553471));
#5098=CARTESIAN_POINT('Ctrl Pts',(-10.35,177.707827315254,7.82799463464303));
#5099=CARTESIAN_POINT('Ctrl Pts',(-10.35,177.292172684746,7.82799463464303));
#5100=CARTESIAN_POINT('Ctrl Pts',(-10.3916567971269,177.070914631949,7.83712981553471));
#5101=CARTESIAN_POINT('Ctrl Pts',(-10.5602272582161,176.664573925664,7.86984281409473));
#5102=CARTESIAN_POINT('Ctrl Pts',(-10.6871096624851,176.479437959599,7.89291753385922));
#5103=CARTESIAN_POINT('Ctrl Pts',(-10.9794286739212,176.187118948163,7.93601030932165));
#5104=CARTESIAN_POINT('Ctrl Pts',(-11.1645685747343,176.060229274102,7.95886893814654));
#5105=CARTESIAN_POINT('Ctrl Pts',(-11.5709229874942,175.891653534777,7.99108461698347));
#5106=CARTESIAN_POINT('Ctrl Pts',(-11.7921858878301,175.85,8.));
#5107=CARTESIAN_POINT('Ctrl Pts',(-12.,175.85,8.));
#5108=CARTESIAN_POINT('Ctrl Pts',(-13.65,177.5,7.82799463464302));
#5109=CARTESIAN_POINT('Ctrl Pts',(-13.65,177.707827315254,7.82799463464302));
#5110=CARTESIAN_POINT('Ctrl Pts',(-13.6083432028731,177.929085368051,7.83712981553471));
#5111=CARTESIAN_POINT('Ctrl Pts',(-13.4397727417839,178.335426074336,7.86984281409473));
#5112=CARTESIAN_POINT('Ctrl Pts',(-13.3128903375149,178.520562040401,7.89291753385922));
#5113=CARTESIAN_POINT('Ctrl Pts',(-13.0205713260788,178.812881051837,7.93601030932165));
#5114=CARTESIAN_POINT('Ctrl Pts',(-12.8354314252658,178.939770725898,7.95886893814654));
#5115=CARTESIAN_POINT('Ctrl Pts',(-12.4290770125059,179.108346465223,7.99108461698347));
#5116=CARTESIAN_POINT('Ctrl Pts',(-12.2078141121698,179.15,8.));
#5117=CARTESIAN_POINT('Ctrl Pts',(-12.,179.15,8.));
#5118=CARTESIAN_POINT('Origin',(-12.,189.5,0.));
#5119=CARTESIAN_POINT('',(-13.65,189.5,1.21655250605964));
#5120=CARTESIAN_POINT('Ctrl Pts',(-13.65,189.5,1.21655250605964));
#5121=CARTESIAN_POINT('Ctrl Pts',(-13.65,189.386978700884,1.21655250605964));
#5122=CARTESIAN_POINT('Ctrl Pts',(-13.6383249344486,189.27508144098,1.2327794248525));
#5123=CARTESIAN_POINT('Ctrl Pts',(-13.5936738468415,189.05844727473,1.28995420388144));
#5124=CARTESIAN_POINT('Ctrl Pts',(-13.5606744909331,188.953661909862,1.33070004182166));
#5125=CARTESIAN_POINT('Ctrl Pts',(-13.433714080191,188.655177663972,1.47065757576576));
#5126=CARTESIAN_POINT('Ctrl Pts',(-13.3102893619095,188.476836983994,1.58623032995041));
#5127=CARTESIAN_POINT('Ctrl Pts',(-13.0278042036438,188.194351825728,1.78175873468549));
#5128=CARTESIAN_POINT('Ctrl Pts',(-12.8493370140923,188.068419422426,1.8779021794254));
#5129=CARTESIAN_POINT('Ctrl Pts',(-12.4450291219898,187.896021929522,2.01242123974736));
#5130=CARTESIAN_POINT('Ctrl Pts',(-12.218734971277,187.85,2.05));
#5131=CARTESIAN_POINT('Ctrl Pts',(-11.781265028723,187.85,2.05));
#5132=CARTESIAN_POINT('Ctrl Pts',(-11.5549708780102,187.896021929522,2.01242123974736));
#5133=CARTESIAN_POINT('Ctrl Pts',(-11.1506629859077,188.068419422426,1.8779021794254));
#5134=CARTESIAN_POINT('Ctrl Pts',(-10.9721957963562,188.194351825728,1.78175873468549));
#5135=CARTESIAN_POINT('Ctrl Pts',(-10.6897106380905,188.476836983994,1.58623032995041));
#5136=CARTESIAN_POINT('Ctrl Pts',(-10.566285919809,188.655177663972,1.47065757576576));
#5137=CARTESIAN_POINT('Ctrl Pts',(-10.4393255090669,188.953661909862,1.33070004182166));
#5138=CARTESIAN_POINT('Ctrl Pts',(-10.4063261531585,189.05844727473,1.28995420388144));
#5139=CARTESIAN_POINT('Ctrl Pts',(-10.3616750655514,189.27508144098,1.2327794248525));
#5140=CARTESIAN_POINT('Ctrl Pts',(-10.35,189.386978700884,1.21655250605964));
#5141=CARTESIAN_POINT('Ctrl Pts',(-10.35,189.613021299116,1.21655250605964));
#5142=CARTESIAN_POINT('Ctrl Pts',(-10.3616750655514,189.72491855902,1.2327794248525));
#5143=CARTESIAN_POINT('Ctrl Pts',(-10.4063261531585,189.94155272527,1.28995420388144));
#5144=CARTESIAN_POINT('Ctrl Pts',(-10.4393255090669,190.046338090138,1.33070004182167));
#5145=CARTESIAN_POINT('Ctrl Pts',(-10.566285919809,190.344822336028,1.47065757576576));
#5146=CARTESIAN_POINT('Ctrl Pts',(-10.6897106380905,190.523163016006,1.58623032995041));
#5147=CARTESIAN_POINT('Ctrl Pts',(-10.9721957963562,190.805648174272,1.78175873468549));
#5148=CARTESIAN_POINT('Ctrl Pts',(-11.1506629859077,190.931580577574,1.8779021794254));
#5149=CARTESIAN_POINT('Ctrl Pts',(-11.5549708780102,191.103978070478,2.01242123974736));
#5150=CARTESIAN_POINT('Ctrl Pts',(-11.781265028723,191.15,2.05));
#5151=CARTESIAN_POINT('Ctrl Pts',(-12.218734971277,191.15,2.05));
#5152=CARTESIAN_POINT('Ctrl Pts',(-12.4450291219898,191.103978070478,2.01242123974736));
#5153=CARTESIAN_POINT('Ctrl Pts',(-12.8493370140923,190.931580577574,1.8779021794254));
#5154=CARTESIAN_POINT('Ctrl Pts',(-13.0278042036438,190.805648174272,1.78175873468549));
#5155=CARTESIAN_POINT('Ctrl Pts',(-13.3102893619095,190.523163016006,1.58623032995041));
#5156=CARTESIAN_POINT('Ctrl Pts',(-13.433714080191,190.344822336028,1.47065757576576));
#5157=CARTESIAN_POINT('Ctrl Pts',(-13.5606744909331,190.046338090138,1.33070004182166));
#5158=CARTESIAN_POINT('Ctrl Pts',(-13.5936738468414,189.94155272527,1.28995420388145));
#5159=CARTESIAN_POINT('Ctrl Pts',(-13.6383249344486,189.72491855902,1.2327794248525));
#5160=CARTESIAN_POINT('Ctrl Pts',(-13.65,189.613021299116,1.21655250605964));
#5161=CARTESIAN_POINT('Ctrl Pts',(-13.65,189.5,1.21655250605964));
#5162=CARTESIAN_POINT('',(-13.65,189.5,7.82799463464303));
#5163=CARTESIAN_POINT('',(-13.65,189.5,0.));
#5164=CARTESIAN_POINT('',(-12.,187.85,8.));
#5165=CARTESIAN_POINT('Ctrl Pts',(-12.,187.85,8.));
#5166=CARTESIAN_POINT('Ctrl Pts',(-12.2078141121699,187.85,8.));
#5167=CARTESIAN_POINT('Ctrl Pts',(-12.4290770125058,187.891653534777,7.99108461698348));
#5168=CARTESIAN_POINT('Ctrl Pts',(-12.8354314252657,188.060229274102,7.95886893814654));
#5169=CARTESIAN_POINT('Ctrl Pts',(-13.0205713260788,188.187118948163,7.93601030932165));
#5170=CARTESIAN_POINT('Ctrl Pts',(-13.3128903375149,188.479437959599,7.89291753385922));
#5171=CARTESIAN_POINT('Ctrl Pts',(-13.4397727417839,188.664573925664,7.86984281409473));
#5172=CARTESIAN_POINT('Ctrl Pts',(-13.6083432028731,189.070914631949,7.83712981553471));
#5173=CARTESIAN_POINT('Ctrl Pts',(-13.65,189.292172684746,7.82799463464303));
#5174=CARTESIAN_POINT('Ctrl Pts',(-13.65,189.5,7.82799463464303));
#5175=CARTESIAN_POINT('',(-12.,191.15,8.));
#5176=CARTESIAN_POINT('Ctrl Pts',(-12.,191.15,8.));
#5177=CARTESIAN_POINT('Ctrl Pts',(-11.7921858878301,191.15,8.));
#5178=CARTESIAN_POINT('Ctrl Pts',(-11.5709229874942,191.108346465223,7.99108461698348));
#5179=CARTESIAN_POINT('Ctrl Pts',(-11.1645685747343,190.939770725898,7.95886893814654));
#5180=CARTESIAN_POINT('Ctrl Pts',(-10.9794286739212,190.812881051837,7.93601030932165));
#5181=CARTESIAN_POINT('Ctrl Pts',(-10.6871096624851,190.520562040401,7.89291753385922));
#5182=CARTESIAN_POINT('Ctrl Pts',(-10.5602272582161,190.335426074336,7.86984281409473));
#5183=CARTESIAN_POINT('Ctrl Pts',(-10.3916567971269,189.929085368051,7.83712981553471));
#5184=CARTESIAN_POINT('Ctrl Pts',(-10.35,189.707827315254,7.82799463464303));
#5185=CARTESIAN_POINT('Ctrl Pts',(-10.35,189.292172684746,7.82799463464303));
#5186=CARTESIAN_POINT('Ctrl Pts',(-10.3916567971269,189.070914631949,7.83712981553471));
#5187=CARTESIAN_POINT('Ctrl Pts',(-10.5602272582161,188.664573925664,7.86984281409473));
#5188=CARTESIAN_POINT('Ctrl Pts',(-10.6871096624851,188.479437959599,7.89291753385922));
#5189=CARTESIAN_POINT('Ctrl Pts',(-10.9794286739212,188.187118948163,7.93601030932165));
#5190=CARTESIAN_POINT('Ctrl Pts',(-11.1645685747343,188.060229274102,7.95886893814654));
#5191=CARTESIAN_POINT('Ctrl Pts',(-11.5709229874942,187.891653534777,7.99108461698347));
#5192=CARTESIAN_POINT('Ctrl Pts',(-11.7921858878301,187.85,8.));
#5193=CARTESIAN_POINT('Ctrl Pts',(-12.,187.85,8.));
#5194=CARTESIAN_POINT('Ctrl Pts',(-13.65,189.5,7.82799463464303));
#5195=CARTESIAN_POINT('Ctrl Pts',(-13.65,189.707827315254,7.82799463464303));
#5196=CARTESIAN_POINT('Ctrl Pts',(-13.6083432028731,189.929085368051,7.83712981553471));
#5197=CARTESIAN_POINT('Ctrl Pts',(-13.4397727417839,190.335426074336,7.86984281409473));
#5198=CARTESIAN_POINT('Ctrl Pts',(-13.3128903375149,190.520562040401,7.89291753385922));
#5199=CARTESIAN_POINT('Ctrl Pts',(-13.0205713260788,190.812881051837,7.93601030932165));
#5200=CARTESIAN_POINT('Ctrl Pts',(-12.8354314252658,190.939770725898,7.95886893814654));
#5201=CARTESIAN_POINT('Ctrl Pts',(-12.4290770125059,191.108346465223,7.99108461698347));
#5202=CARTESIAN_POINT('Ctrl Pts',(-12.2078141121699,191.15,8.));
#5203=CARTESIAN_POINT('Ctrl Pts',(-12.,191.15,8.));
#5204=CARTESIAN_POINT('Origin',(-12.,171.5,0.));
#5205=CARTESIAN_POINT('',(-16.05,171.5,4.95981953654678E-16));
#5206=CARTESIAN_POINT('Origin',(-12.,171.5,0.));
#5207=CARTESIAN_POINT('',(-16.05,183.5,4.95981953654678E-16));
#5208=CARTESIAN_POINT('',(-16.05,171.5,4.95981953654678E-16));
#5209=CARTESIAN_POINT('Origin',(-12.,183.5,0.));
#5210=CARTESIAN_POINT('Origin',(-12.,183.5,0.));
#5211=CARTESIAN_POINT('Origin',(-12.,193.5,0.));
#5212=CARTESIAN_POINT('',(-14.05,193.5,2.51052593825208E-16));
#5213=CARTESIAN_POINT('Origin',(-12.,193.5,0.));
#5214=CARTESIAN_POINT('',(-14.05,185.5,2.51052593825208E-16));
#5215=CARTESIAN_POINT('',(-14.05,193.5,-2.51052593825208E-16));
#5216=CARTESIAN_POINT('Origin',(-12.,185.5,0.));
#5217=CARTESIAN_POINT('Origin',(-12.,185.5,0.));
#5218=CARTESIAN_POINT('Origin',(-12.,193.5,0.));
#5219=CARTESIAN_POINT('',(-20.,171.5,9.79717439317883E-16));
#5220=CARTESIAN_POINT('Origin',(-12.,171.5,0.));
#5221=CARTESIAN_POINT('',(-20.,193.5,9.79717439317883E-16));
#5222=CARTESIAN_POINT('',(-20.,193.5,-9.79717439317883E-16));
#5223=CARTESIAN_POINT('Origin',(-12.,193.5,0.));
#5224=CARTESIAN_POINT('Origin',(-12.,193.5,0.));
#5225=CARTESIAN_POINT('Origin',(-12.,171.5,0.));
#5226=CARTESIAN_POINT('',(0.,0.,0.));
#5227=CARTESIAN_POINT('Origin',(-12.,25.,15.8));
#5228=CARTESIAN_POINT('',(-13.7,25.,15.8));
#5229=CARTESIAN_POINT('Origin',(-12.,25.,15.8));
#5230=CARTESIAN_POINT('',(-13.7,25.,11.));
#5231=CARTESIAN_POINT('',(-13.7,25.,15.8));
#5232=CARTESIAN_POINT('Origin',(-12.,25.,11.));
#5233=CARTESIAN_POINT('Origin',(-12.,25.,15.8));
#5234=CARTESIAN_POINT('',(-13.7,25.,-11.));
#5235=CARTESIAN_POINT('Origin',(-12.,25.,-11.));
#5236=CARTESIAN_POINT('',(-13.7,25.,-15.8));
#5237=CARTESIAN_POINT('',(-13.7,25.,15.8));
#5238=CARTESIAN_POINT('Origin',(-12.,25.,-15.8));
#5239=CARTESIAN_POINT('Origin',(-12.,199.,-8.5));
#5240=CARTESIAN_POINT('',(-13.7,199.,-8.5));
#5241=CARTESIAN_POINT('Origin',(-12.,199.,-8.5));
#5242=CARTESIAN_POINT('',(-13.7,194.,-8.5));
#5243=CARTESIAN_POINT('',(-13.7,199.,-8.5));
#5244=CARTESIAN_POINT('Origin',(-12.,194.,-8.5));
#5245=CARTESIAN_POINT('Origin',(-12.,199.,8.5));
#5246=CARTESIAN_POINT('',(-13.7,199.,8.5));
#5247=CARTESIAN_POINT('Origin',(-12.,199.,8.5));
#5248=CARTESIAN_POINT('',(-13.7,194.,8.5));
#5249=CARTESIAN_POINT('',(-13.7,199.,8.5));
#5250=CARTESIAN_POINT('Origin',(-12.,194.,8.5));
#5251=CARTESIAN_POINT('Origin',(-12.,199.,0.));
#5252=CARTESIAN_POINT('',(-14.3,199.,2.81668763803891E-16));
#5253=CARTESIAN_POINT('Origin',(-12.,199.,0.));
#5254=CARTESIAN_POINT('',(-14.3,194.,2.81668763803891E-16));
#5255=CARTESIAN_POINT('',(-14.3,199.,-2.81668763803891E-16));
#5256=CARTESIAN_POINT('Origin',(-12.,194.,0.));
#5257=CARTESIAN_POINT('Origin',(-14.,199.,0.));
#5258=CARTESIAN_POINT('',(-25.75,199.,15.8));
#5259=CARTESIAN_POINT('',(-2.25,199.,15.8));
#5260=CARTESIAN_POINT('',(-2.25,199.,15.8));
#5261=CARTESIAN_POINT('',(-2.25,199.,-15.8));
#5262=CARTESIAN_POINT('',(-2.25,199.,-15.8));
#5263=CARTESIAN_POINT('',(-25.75,199.,-15.8));
#5264=CARTESIAN_POINT('',(-25.75,199.,-15.8));
#5265=CARTESIAN_POINT('',(-25.75,199.,15.8));
#5266=CARTESIAN_POINT('Origin',(-14.,194.,0.));
#5267=CARTESIAN_POINT('',(-21.75,194.,-11.));
#5268=CARTESIAN_POINT('',(-2.25,194.,-11.));
#5269=CARTESIAN_POINT('',(-2.25,194.,-11.));
#5270=CARTESIAN_POINT('',(-2.25,194.,11.));
#5271=CARTESIAN_POINT('',(-2.25,194.,-15.8));
#5272=CARTESIAN_POINT('',(-21.75,194.,11.));
#5273=CARTESIAN_POINT('',(-21.75,194.,11.));
#5274=CARTESIAN_POINT('',(-21.75,194.,-11.));
#5275=CARTESIAN_POINT('Origin',(-25.75,14.,-15.8));
#5276=CARTESIAN_POINT('',(-25.75,14.,15.8));
#5277=CARTESIAN_POINT('',(-25.75,14.,-15.8));
#5278=CARTESIAN_POINT('',(-25.75,14.,15.8));
#5279=CARTESIAN_POINT('',(-25.75,14.,15.8));
#5280=CARTESIAN_POINT('',(-25.75,14.,-15.8));
#5281=CARTESIAN_POINT('Origin',(-2.25,14.,-15.8));
#5282=CARTESIAN_POINT('',(-2.25,14.,-15.8));
#5283=CARTESIAN_POINT('',(-25.75,14.,-15.8));
#5284=CARTESIAN_POINT('',(-2.25,14.,-15.8));
#5285=CARTESIAN_POINT('Origin',(-2.25,14.,-11.));
#5286=CARTESIAN_POINT('',(-2.25,14.,-11.));
#5287=CARTESIAN_POINT('',(-2.25,14.,-15.8));
#5288=CARTESIAN_POINT('',(-2.25,14.,15.8));
#5289=CARTESIAN_POINT('',(-2.25,14.,15.8));
#5290=CARTESIAN_POINT('',(-2.25,14.,11.));
#5291=CARTESIAN_POINT('',(-2.25,14.,11.));
#5292=CARTESIAN_POINT('',(-2.25,14.,11.));
#5293=CARTESIAN_POINT('',(-2.25,14.,-11.));
#5294=CARTESIAN_POINT('Origin',(-21.75,14.,-11.));
#5295=CARTESIAN_POINT('',(-21.75,14.,-11.));
#5296=CARTESIAN_POINT('',(-2.25,14.,-11.));
#5297=CARTESIAN_POINT('',(-21.75,14.,-11.));
#5298=CARTESIAN_POINT('Origin',(-21.75,14.,11.));
#5299=CARTESIAN_POINT('',(-21.75,14.,11.));
#5300=CARTESIAN_POINT('',(-21.75,14.,-11.));
#5301=CARTESIAN_POINT('',(-21.75,14.,11.));
#5302=CARTESIAN_POINT('Origin',(-2.25,14.,11.));
#5303=CARTESIAN_POINT('',(-21.75,14.,11.));
#5304=CARTESIAN_POINT('Origin',(-25.75,14.,15.8));
#5305=CARTESIAN_POINT('',(-2.25,14.,15.8));
#5306=CARTESIAN_POINT('Origin',(-14.,14.,0.));
#5307=CARTESIAN_POINT('',(0.,0.,0.));
#5308=CARTESIAN_POINT('Origin',(-12.,25.,26.8));
#5309=CARTESIAN_POINT('',(-13.7,25.,-16.1));
#5310=CARTESIAN_POINT('Origin',(-12.,25.,-16.1));
#5311=CARTESIAN_POINT('',(-13.7,25.,-26.8));
#5312=CARTESIAN_POINT('',(-13.7,25.,26.8));
#5313=CARTESIAN_POINT('Origin',(-12.,25.,-26.8));
#5314=CARTESIAN_POINT('Origin',(-12.,25.,26.8));
#5315=CARTESIAN_POINT('',(-13.7,25.,26.8));
#5316=CARTESIAN_POINT('Origin',(-12.,25.,26.8));
#5317=CARTESIAN_POINT('',(-13.7,25.,16.1));
#5318=CARTESIAN_POINT('',(-13.7,25.,26.8));
#5319=CARTESIAN_POINT('Origin',(-12.,25.,16.1));
#5320=CARTESIAN_POINT('Origin',(3.4375,33.,-19.1));
#5321=CARTESIAN_POINT('',(-28.,35.7271780286589,-17.85));
#5322=CARTESIAN_POINT('',(-26.75,36.,-19.1));
#5323=CARTESIAN_POINT('Origin',(-26.75,33.,-19.1));
#5324=CARTESIAN_POINT('',(-26.25,33.,-16.1));
#5325=CARTESIAN_POINT('Origin',(-29.25,33.,-19.1));
#5326=CARTESIAN_POINT('',(12.5,33.,-16.1));
#5327=CARTESIAN_POINT('',(3.4375,33.,-16.1));
#5328=CARTESIAN_POINT('',(9.5,36.,-19.1));
#5329=CARTESIAN_POINT('Origin',(9.5,33.,-19.1));
#5330=CARTESIAN_POINT('',(3.4375,36.,-19.1));
#5331=CARTESIAN_POINT('Origin',(-16.4375,33.,19.1));
#5332=CARTESIAN_POINT('',(-26.75,36.,19.1));
#5333=CARTESIAN_POINT('',(-28.,35.7271780286589,17.85));
#5334=CARTESIAN_POINT('Origin',(-26.75,33.,19.1));
#5335=CARTESIAN_POINT('',(9.5,36.,19.1));
#5336=CARTESIAN_POINT('',(-16.4375,36.,19.1));
#5337=CARTESIAN_POINT('',(12.5,33.,16.1));
#5338=CARTESIAN_POINT('Origin',(9.5,33.,19.1));
#5339=CARTESIAN_POINT('',(-26.25,33.,16.1));
#5340=CARTESIAN_POINT('',(-16.4375,33.,16.1));
#5341=CARTESIAN_POINT('Origin',(-29.25,33.,19.1));
#5342=CARTESIAN_POINT('Origin',(-29.25,33.,2.6));
#5343=CARTESIAN_POINT('',(-28.,35.7271780286589,-2.75));
#5344=CARTESIAN_POINT('',(-26.25,33.,2.6));
#5345=CARTESIAN_POINT('Origin',(-26.75,33.,-2.75));
#5346=CARTESIAN_POINT('',(-26.75,36.,-23.8));
#5347=CARTESIAN_POINT('',(-26.75,36.,-2.75));
#5348=CARTESIAN_POINT('',(-29.75,33.,-26.8));
#5349=CARTESIAN_POINT('Origin',(-26.75,33.,-23.8));
#5350=CARTESIAN_POINT('',(-29.75,33.,26.8));
#5351=CARTESIAN_POINT('',(-29.75,33.,-2.75));
#5352=CARTESIAN_POINT('',(-26.75,36.,23.8));
#5353=CARTESIAN_POINT('Origin',(-26.75,33.,23.8));
#5354=CARTESIAN_POINT('',(-26.75,36.,-2.75));
#5355=CARTESIAN_POINT('Origin',(-16.1875,33.,-23.8));
#5356=CARTESIAN_POINT('',(9.5,36.,-23.8));
#5357=CARTESIAN_POINT('',(-16.1875,36.,-23.8));
#5358=CARTESIAN_POINT('',(12.5,33.,-26.8));
#5359=CARTESIAN_POINT('Origin',(9.5,33.,-23.8));
#5360=CARTESIAN_POINT('',(-16.1875,33.,-26.8));
#5361=CARTESIAN_POINT('Origin',(9.5,33.,-2.75));
#5362=CARTESIAN_POINT('',(9.5,36.,-2.75));
#5363=CARTESIAN_POINT('',(12.5,33.,-2.75));
#5364=CARTESIAN_POINT('Origin',(9.5,33.,24.05));
#5365=CARTESIAN_POINT('',(12.5,33.,26.8));
#5366=CARTESIAN_POINT('',(12.5,33.,24.05));
#5367=CARTESIAN_POINT('',(9.5,36.,23.8));
#5368=CARTESIAN_POINT('',(9.5,36.,24.05));
#5369=CARTESIAN_POINT('Origin',(9.5,33.,23.8));
#5370=CARTESIAN_POINT('Origin',(-16.1875,33.,23.8));
#5371=CARTESIAN_POINT('',(-16.1875,33.,26.8));
#5372=CARTESIAN_POINT('',(-16.1875,36.,23.8));
#5373=CARTESIAN_POINT('Origin',(-26.25,14.,16.1));
#5374=CARTESIAN_POINT('',(12.5,14.,16.1));
#5375=CARTESIAN_POINT('',(12.5,7.,16.1));
#5376=CARTESIAN_POINT('',(-26.25,14.,16.1));
#5377=CARTESIAN_POINT('',(13.5,14.,16.1));
#5378=CARTESIAN_POINT('',(-26.25,14.,16.1));
#5379=CARTESIAN_POINT('Origin',(12.5,0.,26.8));
#5380=CARTESIAN_POINT('',(12.5,0.,26.8));
#5381=CARTESIAN_POINT('',(12.5,0.,26.8));
#5382=CARTESIAN_POINT('',(12.5,0.,15.8));
#5383=CARTESIAN_POINT('',(12.5,0.,15.8));
#5384=CARTESIAN_POINT('',(12.5,14.,15.8));
#5385=CARTESIAN_POINT('',(12.5,0.,15.8));
#5386=CARTESIAN_POINT('',(12.5,14.,13.4));
#5387=CARTESIAN_POINT('Origin',(-25.75,0.,26.8));
#5388=CARTESIAN_POINT('',(-29.75,0.,26.8));
#5389=CARTESIAN_POINT('',(-29.75,0.,26.8));
#5390=CARTESIAN_POINT('',(-8.625,-1.05625786426459E-15,26.8));
#5391=CARTESIAN_POINT('',(12.5,0.,26.8));
#5392=CARTESIAN_POINT('',(8.625,0.,26.8));
#5393=CARTESIAN_POINT('Origin',(0.,0.,26.8));
#5394=CARTESIAN_POINT('',(12.5,0.,26.8));
#5395=CARTESIAN_POINT('',(6.9,9.,26.8));
#5396=CARTESIAN_POINT('Origin',(9.,9.,26.8));
#5397=CARTESIAN_POINT('',(-11.1,9.,26.8));
#5398=CARTESIAN_POINT('Origin',(-9.,9.,26.8));
#5399=CARTESIAN_POINT('Origin',(-29.75,0.,-26.8));
#5400=CARTESIAN_POINT('',(-29.75,0.,-26.8));
#5401=CARTESIAN_POINT('',(-29.75,0.,-26.8));
#5402=CARTESIAN_POINT('',(-29.75,0.,26.8));
#5403=CARTESIAN_POINT('Origin',(-6.625,36.,21.3));
#5404=CARTESIAN_POINT('Origin',(-6.625,36.,21.3));
#5405=CARTESIAN_POINT('Origin',(-26.25,14.,-16.1));
#5406=CARTESIAN_POINT('',(-26.25,14.,-16.1));
#5407=CARTESIAN_POINT('',(-26.25,14.,16.1));
#5408=CARTESIAN_POINT('',(-26.25,14.,-16.1));
#5409=CARTESIAN_POINT('Origin',(13.5,14.,-16.1));
#5410=CARTESIAN_POINT('',(12.5,14.,-16.1));
#5411=CARTESIAN_POINT('',(-26.25,14.,-16.1));
#5412=CARTESIAN_POINT('',(12.5,7.,-16.1));
#5413=CARTESIAN_POINT('Origin',(-6.375,14.,0.));
#5414=CARTESIAN_POINT('',(-25.75,14.,15.8));
#5415=CARTESIAN_POINT('',(3.0625,14.,15.8));
#5416=CARTESIAN_POINT('',(-25.75,14.,-15.8));
#5417=CARTESIAN_POINT('',(-25.75,14.,13.4));
#5418=CARTESIAN_POINT('',(12.5,14.,-15.8));
#5419=CARTESIAN_POINT('',(3.0625,14.,-15.8));
#5420=CARTESIAN_POINT('',(12.5,14.,-13.4));
#5421=CARTESIAN_POINT('Origin',(12.5,0.,-26.8));
#5422=CARTESIAN_POINT('',(12.5,0.,-15.8));
#5423=CARTESIAN_POINT('',(12.5,0.,-15.8));
#5424=CARTESIAN_POINT('',(12.5,0.,-26.8));
#5425=CARTESIAN_POINT('',(12.5,0.,-15.8));
#5426=CARTESIAN_POINT('',(12.5,0.,-26.8));
#5427=CARTESIAN_POINT('Origin',(12.5,0.,-15.8));
#5428=CARTESIAN_POINT('',(-25.75,0.,-15.8));
#5429=CARTESIAN_POINT('',(-25.75,0.,-15.8));
#5430=CARTESIAN_POINT('',(-3.3,-4.04133443718627E-16,-15.8));
#5431=CARTESIAN_POINT('',(-25.75,0.,-15.8));
#5432=CARTESIAN_POINT('',(3.3,0.,-15.8));
#5433=CARTESIAN_POINT('Origin',(0.,0.,-15.8));
#5434=CARTESIAN_POINT('',(-25.75,0.,-15.8));
#5435=CARTESIAN_POINT('Origin',(-25.75,0.,26.8));
#5436=CARTESIAN_POINT('',(-25.75,0.,15.8));
#5437=CARTESIAN_POINT('',(-25.75,0.,15.8));
#5438=CARTESIAN_POINT('',(-25.75,0.,-26.8));
#5439=CARTESIAN_POINT('Origin',(-9.,9.,-26.8));
#5440=CARTESIAN_POINT('',(-11.1,9.,-26.8));
#5441=CARTESIAN_POINT('Origin',(-9.,9.,-26.8));
#5442=CARTESIAN_POINT('',(-11.1,9.,-20.8));
#5443=CARTESIAN_POINT('',(-11.1,9.,-26.8));
#5444=CARTESIAN_POINT('Origin',(-9.,9.,-20.8));
#5445=CARTESIAN_POINT('Origin',(-9.,9.,-20.8));
#5446=CARTESIAN_POINT('Origin',(9.,9.,-26.8));
#5447=CARTESIAN_POINT('',(6.9,9.,-26.8));
#5448=CARTESIAN_POINT('Origin',(9.,9.,-26.8));
#5449=CARTESIAN_POINT('',(6.9,9.,-20.8));
#5450=CARTESIAN_POINT('',(6.9,9.,-26.8));
#5451=CARTESIAN_POINT('Origin',(9.,9.,-20.8));
#5452=CARTESIAN_POINT('Origin',(9.,9.,-20.8));
#5453=CARTESIAN_POINT('Origin',(0.,0.,-26.8));
#5454=CARTESIAN_POINT('',(3.3,0.,-20.8));
#5455=CARTESIAN_POINT('',(3.3,0.,-26.8));
#5456=CARTESIAN_POINT('',(-3.3,0.,-20.8));
#5457=CARTESIAN_POINT('',(-3.3,0.,-26.8));
#5458=CARTESIAN_POINT('Origin',(0.,0.,-20.8));
#5459=CARTESIAN_POINT('Origin',(0.,0.,-20.8));
#5460=CARTESIAN_POINT('',(-8.625,-1.05625786426459E-15,-20.8));
#5461=CARTESIAN_POINT('',(-3.3125,0.,-20.8));
#5462=CARTESIAN_POINT('',(8.625,0.,-20.8));
#5463=CARTESIAN_POINT('Origin',(0.,0.,-20.8));
#5464=CARTESIAN_POINT('',(-3.3125,0.,-20.8));
#5465=CARTESIAN_POINT('Origin',(0.,0.,-26.8));
#5466=CARTESIAN_POINT('',(8.625,0.,-26.8));
#5467=CARTESIAN_POINT('',(8.625,0.,-26.8));
#5468=CARTESIAN_POINT('',(-8.625,-1.05625786426459E-15,-26.8));
#5469=CARTESIAN_POINT('',(-8.625,0.,-26.8));
#5470=CARTESIAN_POINT('Origin',(0.,0.,-26.8));
#5471=CARTESIAN_POINT('Origin',(-6.625,0.,-21.3));
#5472=CARTESIAN_POINT('',(12.5,0.,-26.8));
#5473=CARTESIAN_POINT('Origin',(-25.75,0.,-26.8));
#5474=CARTESIAN_POINT('',(-29.75,0.,-26.8));
#5475=CARTESIAN_POINT('Origin',(-9.,9.,26.8));
#5476=CARTESIAN_POINT('',(-11.1,9.,20.8));
#5477=CARTESIAN_POINT('',(-11.1,9.,26.8));
#5478=CARTESIAN_POINT('Origin',(-9.,9.,20.8));
#5479=CARTESIAN_POINT('Origin',(-9.,9.,20.8));
#5480=CARTESIAN_POINT('Origin',(9.,9.,26.8));
#5481=CARTESIAN_POINT('',(6.9,9.,20.8));
#5482=CARTESIAN_POINT('',(6.9,9.,26.8));
#5483=CARTESIAN_POINT('Origin',(9.,9.,20.8));
#5484=CARTESIAN_POINT('Origin',(9.,9.,20.8));
#5485=CARTESIAN_POINT('Origin',(0.,0.,26.8));
#5486=CARTESIAN_POINT('',(3.3,0.,20.8));
#5487=CARTESIAN_POINT('',(3.3,0.,15.8));
#5488=CARTESIAN_POINT('',(3.3,0.,26.8));
#5489=CARTESIAN_POINT('',(-3.3,0.,20.8));
#5490=CARTESIAN_POINT('Origin',(0.,0.,20.8));
#5491=CARTESIAN_POINT('',(-3.3,-4.04133443718627E-16,15.8));
#5492=CARTESIAN_POINT('',(-3.3,0.,26.8));
#5493=CARTESIAN_POINT('Origin',(0.,0.,15.8));
#5494=CARTESIAN_POINT('Origin',(12.5,0.,15.8));
#5495=CARTESIAN_POINT('',(-25.75,0.,15.8));
#5496=CARTESIAN_POINT('',(-25.75,0.,15.8));
#5497=CARTESIAN_POINT('Origin',(-6.625,0.,21.3));
#5498=CARTESIAN_POINT('',(-8.625,-1.05625786426459E-15,20.8));
#5499=CARTESIAN_POINT('',(-3.3125,0.,20.8));
#5500=CARTESIAN_POINT('',(-8.625,0.,26.8));
#5501=CARTESIAN_POINT('Origin',(0.,0.,20.8));
#5502=CARTESIAN_POINT('',(8.625,0.,20.8));
#5503=CARTESIAN_POINT('',(-3.3125,0.,20.8));
#5504=CARTESIAN_POINT('Origin',(0.,0.,20.8));
#5505=CARTESIAN_POINT('Origin',(0.,0.,26.8));
#5506=CARTESIAN_POINT('',(8.625,0.,26.8));
#5507=CARTESIAN_POINT('Origin',(-6.625,0.,21.3));
#5508=CARTESIAN_POINT('',(0.,0.,0.));
#5509=CARTESIAN_POINT('Origin',(-10.,-10.,26.8));
#5510=CARTESIAN_POINT('',(-10.,-12.,29.8));
#5511=CARTESIAN_POINT('',(-12.,-10.,29.8));
#5512=CARTESIAN_POINT('Origin',(-10.,-10.,29.8));
#5513=CARTESIAN_POINT('',(-12.,-10.,26.8));
#5514=CARTESIAN_POINT('',(-12.,-10.,26.8));
#5515=CARTESIAN_POINT('',(-10.,-12.,26.8));
#5516=CARTESIAN_POINT('Origin',(-10.,-10.,26.8));
#5517=CARTESIAN_POINT('',(-10.,-12.,26.8));
#5518=CARTESIAN_POINT('Origin',(-12.,12.,26.8));
#5519=CARTESIAN_POINT('',(-12.,10.,29.8));
#5520=CARTESIAN_POINT('',(-12.,12.,29.8));
#5521=CARTESIAN_POINT('',(-12.,10.,26.8));
#5522=CARTESIAN_POINT('',(-12.,10.,26.8));
#5523=CARTESIAN_POINT('',(-12.,12.,26.8));
#5524=CARTESIAN_POINT('Origin',(0.,0.,29.8));
#5525=CARTESIAN_POINT('',(10.,-12.,29.8));
#5526=CARTESIAN_POINT('',(-12.,-12.,29.8));
#5527=CARTESIAN_POINT('',(12.,-10.,29.8));
#5528=CARTESIAN_POINT('Origin',(10.,-10.,29.8));
#5529=CARTESIAN_POINT('',(12.,10.,29.8));
#5530=CARTESIAN_POINT('',(12.,-12.,29.8));
#5531=CARTESIAN_POINT('',(10.,12.,29.8));
#5532=CARTESIAN_POINT('Origin',(10.,10.,29.8));
#5533=CARTESIAN_POINT('',(-10.,12.,29.8));
#5534=CARTESIAN_POINT('',(12.,12.,29.8));
#5535=CARTESIAN_POINT('Origin',(-10.,10.,29.8));
#5536=CARTESIAN_POINT('',(-3.3,-4.04133443718627E-16,29.8));
#5537=CARTESIAN_POINT('Origin',(0.,0.,29.8));
#5538=CARTESIAN_POINT('',(7.3,-9.,29.8));
#5539=CARTESIAN_POINT('Origin',(9.,-9.,29.8));
#5540=CARTESIAN_POINT('',(-10.7,-9.,29.8));
#5541=CARTESIAN_POINT('Origin',(-9.,-9.,29.8));
#5542=CARTESIAN_POINT('',(-10.7,9.,29.8));
#5543=CARTESIAN_POINT('Origin',(-9.,9.,29.8));
#5544=CARTESIAN_POINT('',(7.3,9.,29.8));
#5545=CARTESIAN_POINT('Origin',(9.,9.,29.8));
#5546=CARTESIAN_POINT('Origin',(10.,-10.,26.8));
#5547=CARTESIAN_POINT('',(10.,-12.,26.8));
#5548=CARTESIAN_POINT('',(10.,-12.,26.8));
#5549=CARTESIAN_POINT('',(12.,-10.,26.8));
#5550=CARTESIAN_POINT('Origin',(10.,-10.,26.8));
#5551=CARTESIAN_POINT('',(12.,-10.,26.8));
#5552=CARTESIAN_POINT('Origin',(12.,-12.,26.8));
#5553=CARTESIAN_POINT('',(12.,10.,26.8));
#5554=CARTESIAN_POINT('',(12.,-12.,26.8));
#5555=CARTESIAN_POINT('',(12.,10.,26.8));
#5556=CARTESIAN_POINT('Origin',(10.,10.,26.8));
#5557=CARTESIAN_POINT('',(10.,12.,26.8));
#5558=CARTESIAN_POINT('Origin',(10.,10.,26.8));
#5559=CARTESIAN_POINT('',(10.,12.,26.8));
#5560=CARTESIAN_POINT('Origin',(-10.,10.,26.8));
#5561=CARTESIAN_POINT('',(-10.,12.,26.8));
#5562=CARTESIAN_POINT('',(-10.,12.,26.8));
#5563=CARTESIAN_POINT('Origin',(-10.,10.,26.8));
#5564=CARTESIAN_POINT('Origin',(0.,0.,29.8));
#5565=CARTESIAN_POINT('',(-3.3,-4.04133443718627E-16,26.8));
#5566=CARTESIAN_POINT('',(-3.3,4.04133443718627E-16,29.8));
#5567=CARTESIAN_POINT('Origin',(0.,0.,26.8));
#5568=CARTESIAN_POINT('Origin',(9.,-9.,29.8));
#5569=CARTESIAN_POINT('',(7.3,-9.,26.8));
#5570=CARTESIAN_POINT('',(7.3,-9.,29.8));
#5571=CARTESIAN_POINT('Origin',(9.,-9.,26.8));
#5572=CARTESIAN_POINT('Origin',(-9.,-9.,29.8));
#5573=CARTESIAN_POINT('',(-10.7,-9.,26.8));
#5574=CARTESIAN_POINT('',(-10.7,-9.,29.8));
#5575=CARTESIAN_POINT('Origin',(-9.,-9.,26.8));
#5576=CARTESIAN_POINT('Origin',(-9.,9.,29.8));
#5577=CARTESIAN_POINT('',(-10.7,9.,26.8));
#5578=CARTESIAN_POINT('',(-10.7,9.,29.8));
#5579=CARTESIAN_POINT('Origin',(-9.,9.,26.8));
#5580=CARTESIAN_POINT('Origin',(9.,9.,29.8));
#5581=CARTESIAN_POINT('',(7.3,9.,26.8));
#5582=CARTESIAN_POINT('',(7.3,9.,29.8));
#5583=CARTESIAN_POINT('Origin',(9.,9.,26.8));
#5584=CARTESIAN_POINT('Origin',(12.,12.,26.8));
#5585=CARTESIAN_POINT('',(12.,12.,26.8));
#5586=CARTESIAN_POINT('Origin',(-12.,-12.,26.8));
#5587=CARTESIAN_POINT('',(-12.,-12.,26.8));
#5588=CARTESIAN_POINT('Origin',(0.,0.,26.8));
#5589=CARTESIAN_POINT('',(0.,0.,0.));
#5590=CARTESIAN_POINT('Origin',(62.,-37.,-21.));
#5591=CARTESIAN_POINT('',(62.,-32.,19.));
#5592=CARTESIAN_POINT('',(62.,-37.,19.));
#5593=CARTESIAN_POINT('',(62.,-37.,19.));
#5594=CARTESIAN_POINT('',(62.,-32.,21.));
#5595=CARTESIAN_POINT('',(62.,-32.,21.));
#5596=CARTESIAN_POINT('',(62.,-37.,21.));
#5597=CARTESIAN_POINT('',(62.,-37.,21.));
#5598=CARTESIAN_POINT('',(62.,-37.,-3.875));
#5599=CARTESIAN_POINT('Origin',(62.,-37.,-21.));
#5600=CARTESIAN_POINT('',(62.,-37.,-19.));
#5601=CARTESIAN_POINT('',(62.,-32.,-19.));
#5602=CARTESIAN_POINT('',(62.,-37.,-19.));
#5603=CARTESIAN_POINT('',(62.,-37.,-21.));
#5604=CARTESIAN_POINT('',(62.,-37.,-3.875));
#5605=CARTESIAN_POINT('',(62.,-32.,-21.));
#5606=CARTESIAN_POINT('',(62.,-37.,-21.));
#5607=CARTESIAN_POINT('',(62.,-32.,21.));
#5608=CARTESIAN_POINT('Origin',(83.,-32.,0.));
#5609=CARTESIAN_POINT('',(104.,-32.,19.));
#5610=CARTESIAN_POINT('',(20.5,-32.,19.));
#5611=CARTESIAN_POINT('',(104.,-32.,21.));
#5612=CARTESIAN_POINT('',(104.,-32.,-21.));
#5613=CARTESIAN_POINT('',(104.,-32.,21.));
#5614=CARTESIAN_POINT('Origin',(83.,-32.,0.));
#5615=CARTESIAN_POINT('',(104.,-32.,-19.));
#5616=CARTESIAN_POINT('',(102.25,-32.,-19.));
#5617=CARTESIAN_POINT('',(104.,-32.,-21.));
#5618=CARTESIAN_POINT('',(62.,-32.,-21.));
#5619=CARTESIAN_POINT('',(104.,-32.,-21.));
#5620=CARTESIAN_POINT('Origin',(104.,-37.,21.));
#5621=CARTESIAN_POINT('',(104.,-37.,19.));
#5622=CARTESIAN_POINT('',(104.,-37.,19.));
#5623=CARTESIAN_POINT('',(104.,-37.,21.));
#5624=CARTESIAN_POINT('',(104.,-37.,17.125));
#5625=CARTESIAN_POINT('',(104.,-37.,21.));
#5626=CARTESIAN_POINT('Origin',(104.,-37.,-21.));
#5627=CARTESIAN_POINT('',(104.,-37.,-21.));
#5628=CARTESIAN_POINT('',(71.8566946073575,-37.,-21.));
#5629=CARTESIAN_POINT('',(104.,-37.,-21.));
#5630=CARTESIAN_POINT('Origin',(104.,-37.,21.));
#5631=CARTESIAN_POINT('',(104.,-37.,-19.));
#5632=CARTESIAN_POINT('',(104.,-37.,-19.));
#5633=CARTESIAN_POINT('',(104.,-37.,17.125));
#5634=CARTESIAN_POINT('Origin',(62.,-37.,21.));
#5635=CARTESIAN_POINT('',(50.8566946073575,-37.,21.));
#5636=CARTESIAN_POINT('Origin',(121.5,-37.,-19.));
#5637=CARTESIAN_POINT('',(121.5,-37.,-19.));
#5638=CARTESIAN_POINT('',(80.6066946073575,-37.,-19.));
#5639=CARTESIAN_POINT('',(121.5,-24.,-19.));
#5640=CARTESIAN_POINT('',(121.5,-37.,-19.));
#5641=CARTESIAN_POINT('',(-42.,-24.,-19.));
#5642=CARTESIAN_POINT('',(-42.,-24.,-19.));
#5643=CARTESIAN_POINT('',(-42.,-37.,-19.));
#5644=CARTESIAN_POINT('',(-42.,-37.,-19.));
#5645=CARTESIAN_POINT('',(-39.,-37.,-19.));
#5646=CARTESIAN_POINT('',(80.6066946073575,-37.,-19.));
#5647=CARTESIAN_POINT('',(-39.,-32.,-19.));
#5648=CARTESIAN_POINT('',(-39.,-37.,-19.));
#5649=CARTESIAN_POINT('',(3.,-32.,-19.));
#5650=CARTESIAN_POINT('',(51.75,-32.,-19.));
#5651=CARTESIAN_POINT('',(3.,-37.,-19.));
#5652=CARTESIAN_POINT('',(3.00000000000001,-37.,-19.));
#5653=CARTESIAN_POINT('',(80.6066946073575,-37.,-19.));
#5654=CARTESIAN_POINT('Origin',(-39.,-37.,-21.));
#5655=CARTESIAN_POINT('',(-39.,-32.,19.));
#5656=CARTESIAN_POINT('',(-39.,-37.,19.));
#5657=CARTESIAN_POINT('',(-39.,-37.,19.));
#5658=CARTESIAN_POINT('',(-39.,-32.,21.));
#5659=CARTESIAN_POINT('',(-39.,-32.,21.));
#5660=CARTESIAN_POINT('',(-39.,-37.,21.));
#5661=CARTESIAN_POINT('',(-39.,-37.,21.));
#5662=CARTESIAN_POINT('',(-39.,-37.,-3.875));
#5663=CARTESIAN_POINT('Origin',(-39.,-37.,-21.));
#5664=CARTESIAN_POINT('',(-39.,-37.,-21.));
#5665=CARTESIAN_POINT('',(-39.,-37.,-3.875));
#5666=CARTESIAN_POINT('',(-39.,-32.,-21.));
#5667=CARTESIAN_POINT('',(-39.,-37.,-21.));
#5668=CARTESIAN_POINT('',(-39.,-32.,21.));
#5669=CARTESIAN_POINT('Origin',(-18.,-32.,0.));
#5670=CARTESIAN_POINT('',(3.,-32.,19.));
#5671=CARTESIAN_POINT('',(-30.,-32.,19.));
#5672=CARTESIAN_POINT('',(3.,-32.,21.));
#5673=CARTESIAN_POINT('',(3.,-32.,-21.));
#5674=CARTESIAN_POINT('',(3.,-32.,21.));
#5675=CARTESIAN_POINT('Origin',(-18.,-32.,0.));
#5676=CARTESIAN_POINT('',(3.,-32.,-21.));
#5677=CARTESIAN_POINT('',(-39.,-32.,-21.));
#5678=CARTESIAN_POINT('',(3.,-32.,-21.));
#5679=CARTESIAN_POINT('Origin',(3.,-37.,21.));
#5680=CARTESIAN_POINT('',(3.,-37.,19.));
#5681=CARTESIAN_POINT('',(3.,-37.,19.));
#5682=CARTESIAN_POINT('',(3.,-37.,21.));
#5683=CARTESIAN_POINT('',(3.,-37.,17.125));
#5684=CARTESIAN_POINT('',(3.,-37.,21.));
#5685=CARTESIAN_POINT('Origin',(3.,-37.,-21.));
#5686=CARTESIAN_POINT('',(3.,-37.,-21.));
#5687=CARTESIAN_POINT('',(21.3566946073575,-37.,-21.));
#5688=CARTESIAN_POINT('',(3.,-37.,-21.));
#5689=CARTESIAN_POINT('Origin',(3.,-37.,21.));
#5690=CARTESIAN_POINT('',(3.,-37.,17.125));
#5691=CARTESIAN_POINT('Origin',(-39.,-37.,21.));
#5692=CARTESIAN_POINT('',(0.356694607357537,-37.,21.));
#5693=CARTESIAN_POINT('Origin',(-25.,-19.5,17.5));
#5694=CARTESIAN_POINT('',(-25.,-24.,-17.5));
#5695=CARTESIAN_POINT('',(-25.,-24.,17.5));
#5696=CARTESIAN_POINT('',(-25.,-24.,8.75));
#5697=CARTESIAN_POINT('',(-25.,-19.5,-17.5));
#5698=CARTESIAN_POINT('',(-25.,-19.5,-17.5));
#5699=CARTESIAN_POINT('',(-25.,-19.5,17.5));
#5700=CARTESIAN_POINT('',(-25.,-19.5,15.375));
#5701=CARTESIAN_POINT('',(-25.,-19.5,17.5));
#5702=CARTESIAN_POINT('Origin',(8.,-19.5,17.5));
#5703=CARTESIAN_POINT('',(8.,-24.,17.5));
#5704=CARTESIAN_POINT('',(23.875,-24.,17.5));
#5705=CARTESIAN_POINT('',(8.,-19.5,17.5));
#5706=CARTESIAN_POINT('',(23.8566946073575,-19.5,17.5));
#5707=CARTESIAN_POINT('',(8.,-19.5,17.5));
#5708=CARTESIAN_POINT('Origin',(8.,-19.5,-17.5));
#5709=CARTESIAN_POINT('',(8.,-24.,-17.5));
#5710=CARTESIAN_POINT('',(8.,-24.,-8.75));
#5711=CARTESIAN_POINT('',(8.,-19.5,-17.5));
#5712=CARTESIAN_POINT('',(8.,-19.5,-2.125));
#5713=CARTESIAN_POINT('',(8.,-19.5,-17.5));
#5714=CARTESIAN_POINT('Origin',(-25.,-19.5,-17.5));
#5715=CARTESIAN_POINT('',(7.375,-24.,-17.5));
#5716=CARTESIAN_POINT('',(7.35669460735754,-19.5,-17.5));
#5717=CARTESIAN_POINT('Origin',(-42.,-37.,-19.));
#5718=CARTESIAN_POINT('',(-42.,-37.,19.));
#5719=CARTESIAN_POINT('',(-42.,-37.,-2.875));
#5720=CARTESIAN_POINT('',(-42.,-24.,19.));
#5721=CARTESIAN_POINT('',(-42.,-24.,19.));
#5722=CARTESIAN_POINT('',(-42.,-37.,19.));
#5723=CARTESIAN_POINT('Origin',(121.5,-37.,19.));
#5724=CARTESIAN_POINT('',(121.5,-37.,19.));
#5725=CARTESIAN_POINT('',(121.5,-37.,16.125));
#5726=CARTESIAN_POINT('',(121.5,-24.,19.));
#5727=CARTESIAN_POINT('',(121.5,-37.,19.));
#5728=CARTESIAN_POINT('',(121.5,-24.,-19.));
#5729=CARTESIAN_POINT('Origin',(-42.,-37.,19.));
#5730=CARTESIAN_POINT('',(-1.14330539264247,-37.,19.));
#5731=CARTESIAN_POINT('',(-1.14330539264247,-37.,19.));
#5732=CARTESIAN_POINT('',(121.5,-24.,19.));
#5733=CARTESIAN_POINT('',(-1.14330539264247,-37.,19.));
#5734=CARTESIAN_POINT('Origin',(39.75,-24.,0.));
#5735=CARTESIAN_POINT('Origin',(95.180693069307,-37.,-2.74009900990101));
#5736=CARTESIAN_POINT('',(115.,-37.,-26.5));
#5737=CARTESIAN_POINT('',(126.,-37.,0.));
#5738=CARTESIAN_POINT('Origin',(95.180693069307,-37.,-2.74009900990101));
#5739=CARTESIAN_POINT('',(115.,-19.5,-26.5));
#5740=CARTESIAN_POINT('',(115.,-37.,-26.5));
#5741=CARTESIAN_POINT('',(126.,-19.5,0.));
#5742=CARTESIAN_POINT('Origin',(95.180693069307,-19.5,-2.74009900990101));
#5743=CARTESIAN_POINT('',(126.,-37.,0.));
#5744=CARTESIAN_POINT('Origin',(60.,-37.,-26.5));
#5745=CARTESIAN_POINT('',(60.,-37.,-26.5));
#5746=CARTESIAN_POINT('',(60.,-37.,-26.5));
#5747=CARTESIAN_POINT('',(60.,-19.5,-26.5));
#5748=CARTESIAN_POINT('',(60.,-37.,-26.5));
#5749=CARTESIAN_POINT('',(60.,-19.5,-26.5));
#5750=CARTESIAN_POINT('Origin',(30.,-37.,-23.));
#5751=CARTESIAN_POINT('',(30.,-37.,-23.));
#5752=CARTESIAN_POINT('',(30.,-37.,-23.));
#5753=CARTESIAN_POINT('',(30.,-19.5,-23.));
#5754=CARTESIAN_POINT('',(30.,-37.,-23.));
#5755=CARTESIAN_POINT('',(30.,-19.5,-23.));
#5756=CARTESIAN_POINT('Origin',(-25.,-37.,-26.));
#5757=CARTESIAN_POINT('',(-25.,-37.,-26.));
#5758=CARTESIAN_POINT('',(-25.,-37.,-26.));
#5759=CARTESIAN_POINT('',(-25.,-19.5,-26.));
#5760=CARTESIAN_POINT('',(-25.,-37.,-26.));
#5761=CARTESIAN_POINT('',(-25.,-19.5,-26.));
#5762=CARTESIAN_POINT('Origin',(-28.1645161290323,-37.,-7.74193548387097));
#5763=CARTESIAN_POINT('',(-45.,-37.,0.));
#5764=CARTESIAN_POINT('Origin',(-28.1645161290323,-37.,-7.74193548387097));
#5765=CARTESIAN_POINT('',(-45.,-19.5,0.));
#5766=CARTESIAN_POINT('',(-45.,-37.,0.));
#5767=CARTESIAN_POINT('Origin',(-28.1645161290323,-19.5,-7.74193548387097));
#5768=CARTESIAN_POINT('Origin',(95.180693069307,-37.,2.74009900990101));
#5769=CARTESIAN_POINT('',(115.,-37.,26.5));
#5770=CARTESIAN_POINT('Origin',(95.180693069307,-37.,2.74009900990101));
#5771=CARTESIAN_POINT('',(115.,-19.5,26.5));
#5772=CARTESIAN_POINT('Origin',(95.180693069307,-19.5,2.74009900990101));
#5773=CARTESIAN_POINT('',(115.,-37.,26.5));
#5774=CARTESIAN_POINT('Origin',(60.,-37.,26.5));
#5775=CARTESIAN_POINT('',(60.,-37.,26.5));
#5776=CARTESIAN_POINT('',(60.,-37.,26.5));
#5777=CARTESIAN_POINT('',(60.,-19.5,26.5));
#5778=CARTESIAN_POINT('',(60.,-19.5,26.5));
#5779=CARTESIAN_POINT('',(60.,-37.,26.5));
#5780=CARTESIAN_POINT('Origin',(30.,-37.,23.));
#5781=CARTESIAN_POINT('',(30.,-37.,23.));
#5782=CARTESIAN_POINT('',(30.,-37.,23.));
#5783=CARTESIAN_POINT('',(30.,-19.5,23.));
#5784=CARTESIAN_POINT('',(30.,-19.5,23.));
#5785=CARTESIAN_POINT('',(30.,-37.,23.));
#5786=CARTESIAN_POINT('Origin',(-25.,-37.,26.));
#5787=CARTESIAN_POINT('',(-25.,-37.,26.));
#5788=CARTESIAN_POINT('',(-25.,-37.,26.));
#5789=CARTESIAN_POINT('',(-25.,-19.5,26.));
#5790=CARTESIAN_POINT('',(-25.,-19.5,26.));
#5791=CARTESIAN_POINT('',(-25.,-37.,26.));
#5792=CARTESIAN_POINT('Origin',(-28.1645161290323,-37.,7.74193548387097));
#5793=CARTESIAN_POINT('Origin',(-28.1645161290323,-37.,7.74193548387097));
#5794=CARTESIAN_POINT('Origin',(-28.1645161290323,-19.5,7.74193548387097));
#5795=CARTESIAN_POINT('Origin',(39.7133892147151,-19.5,13.25));
#5796=CARTESIAN_POINT('Origin',(39.7133892147151,-37.,13.25));
#5797=CARTESIAN_POINT('',(0.,0.,0.));
#5798=CARTESIAN_POINT('Origin',(45.,-25.,10.65));
#5799=CARTESIAN_POINT('',(45.,-37.,10.65));
#5800=CARTESIAN_POINT('',(45.,-25.,10.65));
#5801=CARTESIAN_POINT('',(45.,-31.,10.65));
#5802=CARTESIAN_POINT('',(45.,-37.,-10.65));
#5803=CARTESIAN_POINT('',(45.,-37.,10.65));
#5804=CARTESIAN_POINT('',(45.,-25.,-10.65));
#5805=CARTESIAN_POINT('',(45.,-31.,-10.65));
#5806=CARTESIAN_POINT('',(45.,-25.,10.65));
#5807=CARTESIAN_POINT('Origin',(15.,-37.,10.65));
#5808=CARTESIAN_POINT('',(15.,-25.,10.65));
#5809=CARTESIAN_POINT('',(15.,-37.,10.65));
#5810=CARTESIAN_POINT('',(15.,-37.,10.65));
#5811=CARTESIAN_POINT('',(15.,-25.,-10.65));
#5812=CARTESIAN_POINT('',(15.,-25.,10.65));
#5813=CARTESIAN_POINT('',(15.,-37.,-10.65));
#5814=CARTESIAN_POINT('',(15.,-37.,-10.65));
#5815=CARTESIAN_POINT('',(15.,-37.,10.65));
#5816=CARTESIAN_POINT('Origin',(111.5,-37.,-10.65));
#5817=CARTESIAN_POINT('',(7.,-25.,-10.65));
#5818=CARTESIAN_POINT('',(-35.5,-25.,-10.65));
#5819=CARTESIAN_POINT('',(7.,0.,-10.65));
#5820=CARTESIAN_POINT('',(7.,-25.,-10.65));
#5821=CARTESIAN_POINT('',(-6.54166666666667,2.49130432147946,-10.65));
#5822=CARTESIAN_POINT('Origin',(0.,0.,-10.65));
#5823=CARTESIAN_POINT('',(-18.,0.,-10.65));
#5824=CARTESIAN_POINT('Origin',(-12.,0.,-10.65));
#5825=CARTESIAN_POINT('',(-18.,-25.,-10.65));
#5826=CARTESIAN_POINT('',(-18.,0.,-10.65));
#5827=CARTESIAN_POINT('',(-35.5,-25.,-10.65));
#5828=CARTESIAN_POINT('',(-35.5,-25.,-10.65));
#5829=CARTESIAN_POINT('',(-35.5,-37.,-10.65));
#5830=CARTESIAN_POINT('',(-35.5,-37.,-10.65));
#5831=CARTESIAN_POINT('',(-35.5,-37.,-10.65));
#5832=CARTESIAN_POINT('',(-13.95,-2.38806125833734E-16,-10.65));
#5833=CARTESIAN_POINT('Origin',(-12.,0.,-10.65));
#5834=CARTESIAN_POINT('',(-2.96,-3.62495452547617E-16,-10.65));
#5835=CARTESIAN_POINT('Origin',(0.,0.,-10.65));
#5836=CARTESIAN_POINT('Origin',(111.5,-37.,-10.65));
#5837=CARTESIAN_POINT('',(111.5,-37.,-10.65));
#5838=CARTESIAN_POINT('',(-35.5,-37.,-10.65));
#5839=CARTESIAN_POINT('',(111.5,-25.,-10.65));
#5840=CARTESIAN_POINT('',(111.5,-37.,-10.65));
#5841=CARTESIAN_POINT('',(-35.5,-25.,-10.65));
#5842=CARTESIAN_POINT('Origin',(111.5,-37.,10.65));
#5843=CARTESIAN_POINT('',(111.5,-25.,10.65));
#5844=CARTESIAN_POINT('',(-35.5,-25.,10.65));
#5845=CARTESIAN_POINT('',(111.5,-37.,10.65));
#5846=CARTESIAN_POINT('',(111.5,-37.,10.65));
#5847=CARTESIAN_POINT('',(-35.5,-37.,10.65));
#5848=CARTESIAN_POINT('Origin',(111.5,-37.,10.65));
#5849=CARTESIAN_POINT('',(-35.5,-37.,10.65));
#5850=CARTESIAN_POINT('',(-35.5,-37.,10.65));
#5851=CARTESIAN_POINT('',(-35.5,-25.,10.65));
#5852=CARTESIAN_POINT('',(-35.5,-37.,10.65));
#5853=CARTESIAN_POINT('',(-18.,-25.,10.65));
#5854=CARTESIAN_POINT('',(-35.5,-25.,10.65));
#5855=CARTESIAN_POINT('',(-18.,0.,10.65));
#5856=CARTESIAN_POINT('',(-18.,0.,10.65));
#5857=CARTESIAN_POINT('',(-6.54166666666667,2.49130432147946,10.65));
#5858=CARTESIAN_POINT('Origin',(-12.,0.,10.65));
#5859=CARTESIAN_POINT('',(7.,0.,10.65));
#5860=CARTESIAN_POINT('Origin',(0.,0.,10.65));
#5861=CARTESIAN_POINT('',(7.,-25.,10.65));
#5862=CARTESIAN_POINT('',(7.,-25.,10.65));
#5863=CARTESIAN_POINT('',(-35.5,-25.,10.65));
#5864=CARTESIAN_POINT('',(-2.96,-3.62495452547617E-16,10.65));
#5865=CARTESIAN_POINT('Origin',(0.,0.,10.65));
#5866=CARTESIAN_POINT('',(-13.95,-2.38806125833734E-16,10.65));
#5867=CARTESIAN_POINT('Origin',(-12.,0.,10.65));
#5868=CARTESIAN_POINT('Origin',(-12.,0.,-10.65));
#5869=CARTESIAN_POINT('',(-13.95,-2.38806125833734E-16,-15.45));
#5870=CARTESIAN_POINT('',(-13.95,-2.38806125833734E-16,-10.65));
#5871=CARTESIAN_POINT('Origin',(-12.,0.,-15.45));
#5872=CARTESIAN_POINT('Origin',(0.,0.,-10.65));
#5873=CARTESIAN_POINT('',(-2.96,-3.62495452547617E-16,-15.45));
#5874=CARTESIAN_POINT('',(-2.96,-3.62495452547617E-16,-10.65));
#5875=CARTESIAN_POINT('Origin',(0.,0.,-15.45));
#5876=CARTESIAN_POINT('Origin',(0.,0.,-10.65));
#5877=CARTESIAN_POINT('',(-6.54166666666667,2.49130432147946,-15.45));
#5878=CARTESIAN_POINT('',(-6.54166666666667,2.49130432147946,-10.65));
#5879=CARTESIAN_POINT('',(7.,0.,-15.45));
#5880=CARTESIAN_POINT('',(7.,0.,-10.65));
#5881=CARTESIAN_POINT('Origin',(0.,0.,-15.45));
#5882=CARTESIAN_POINT('Origin',(-12.,0.,-10.65));
#5883=CARTESIAN_POINT('',(-18.,0.,-15.45));
#5884=CARTESIAN_POINT('Origin',(-12.,0.,-15.45));
#5885=CARTESIAN_POINT('',(-18.,0.,-10.65));
#5886=CARTESIAN_POINT('Origin',(-5.5,-12.5,-15.45));
#5887=CARTESIAN_POINT('',(7.,-25.,-15.45));
#5888=CARTESIAN_POINT('',(7.,-25.,-15.45));
#5889=CARTESIAN_POINT('',(-18.,-25.,-15.45));
#5890=CARTESIAN_POINT('',(16.375,-25.,-15.45));
#5891=CARTESIAN_POINT('',(-18.,0.,-15.45));
#5892=CARTESIAN_POINT('Origin',(7.,-25.,-10.65));
#5893=CARTESIAN_POINT('',(7.,-25.,-12.4));
#5894=CARTESIAN_POINT('Origin',(-18.,0.,-10.65));
#5895=CARTESIAN_POINT('',(-18.,-25.,-12.4));
#5896=CARTESIAN_POINT('Origin',(111.5,-37.,-14.15));
#5897=CARTESIAN_POINT('',(111.5,-37.,-17.65));
#5898=CARTESIAN_POINT('Origin',(111.5,-37.,-14.15));
#5899=CARTESIAN_POINT('',(111.5,-25.,-17.65));
#5900=CARTESIAN_POINT('',(111.5,-37.,-17.65));
#5901=CARTESIAN_POINT('Origin',(111.5,-25.,-14.15));
#5902=CARTESIAN_POINT('Origin',(-35.5,-37.,-17.65));
#5903=CARTESIAN_POINT('',(-35.5,-37.,-17.65));
#5904=CARTESIAN_POINT('',(111.5,-37.,-17.65));
#5905=CARTESIAN_POINT('',(-35.5,-25.,-17.65));
#5906=CARTESIAN_POINT('',(-35.5,-37.,-17.65));
#5907=CARTESIAN_POINT('',(111.5,-25.,-17.65));
#5908=CARTESIAN_POINT('Origin',(-34.9583333333333,-37.,-14.15));
#5909=CARTESIAN_POINT('Origin',(-34.9583333333333,-37.,-14.15));
#5910=CARTESIAN_POINT('Origin',(-34.9583333333333,-25.,-14.15));
#5911=CARTESIAN_POINT('Origin',(38.25,-25.,-14.15));
#5912=CARTESIAN_POINT('',(7.,-25.,15.45));
#5913=CARTESIAN_POINT('',(7.,-25.,12.4));
#5914=CARTESIAN_POINT('',(-18.,-25.,15.45));
#5915=CARTESIAN_POINT('',(16.375,-25.,15.45));
#5916=CARTESIAN_POINT('',(-18.,-25.,12.4));
#5917=CARTESIAN_POINT('',(-35.5,-25.,17.65));
#5918=CARTESIAN_POINT('Origin',(-34.9583333333333,-25.,14.15));
#5919=CARTESIAN_POINT('',(111.5,-25.,17.65));
#5920=CARTESIAN_POINT('',(111.5,-25.,17.65));
#5921=CARTESIAN_POINT('Origin',(111.5,-25.,14.15));
#5922=CARTESIAN_POINT('Origin',(38.25,-37.,-14.15));
#5923=CARTESIAN_POINT('',(111.5,-37.,17.65));
#5924=CARTESIAN_POINT('Origin',(111.5,-37.,14.15));
#5925=CARTESIAN_POINT('',(-35.5,-37.,17.65));
#5926=CARTESIAN_POINT('',(111.5,-37.,17.65));
#5927=CARTESIAN_POINT('Origin',(-34.9583333333333,-37.,14.15));
#5928=CARTESIAN_POINT('Origin',(-12.,0.,10.65));
#5929=CARTESIAN_POINT('',(-13.95,-2.38806125833734E-16,15.45));
#5930=CARTESIAN_POINT('',(-13.95,-2.38806125833734E-16,10.65));
#5931=CARTESIAN_POINT('Origin',(-12.,0.,15.45));
#5932=CARTESIAN_POINT('Origin',(0.,0.,10.65));
#5933=CARTESIAN_POINT('',(-2.96,-3.62495452547617E-16,15.45));
#5934=CARTESIAN_POINT('',(-2.96,-3.62495452547617E-16,10.65));
#5935=CARTESIAN_POINT('Origin',(0.,0.,15.45));
#5936=CARTESIAN_POINT('Origin',(0.,0.,10.65));
#5937=CARTESIAN_POINT('',(-6.54166666666667,2.49130432147946,15.45));
#5938=CARTESIAN_POINT('',(-6.54166666666667,2.49130432147946,10.65));
#5939=CARTESIAN_POINT('',(7.,0.,15.45));
#5940=CARTESIAN_POINT('Origin',(0.,0.,15.45));
#5941=CARTESIAN_POINT('',(7.,0.,10.65));
#5942=CARTESIAN_POINT('Origin',(-12.,0.,10.65));
#5943=CARTESIAN_POINT('',(-18.,0.,15.45));
#5944=CARTESIAN_POINT('',(-18.,0.,10.65));
#5945=CARTESIAN_POINT('Origin',(-12.,0.,15.45));
#5946=CARTESIAN_POINT('Origin',(-5.5,-12.5,15.45));
#5947=CARTESIAN_POINT('',(-18.,0.,15.45));
#5948=CARTESIAN_POINT('',(7.,-25.,15.45));
#5949=CARTESIAN_POINT('Origin',(7.,-25.,10.65));
#5950=CARTESIAN_POINT('Origin',(-18.,0.,10.65));
#5951=CARTESIAN_POINT('Origin',(111.5,-37.,14.15));
#5952=CARTESIAN_POINT('',(111.5,-37.,17.65));
#5953=CARTESIAN_POINT('Origin',(-35.5,-37.,17.65));
#5954=CARTESIAN_POINT('',(-35.5,-37.,17.65));
#5955=CARTESIAN_POINT('Origin',(-34.9583333333333,-37.,14.15));
#5956=CARTESIAN_POINT('',(0.,0.,0.));
#5957=CARTESIAN_POINT('',(0.,0.,0.));
#5958=CARTESIAN_POINT('',(0.,0.,0.));
#5959=CARTESIAN_POINT('',(0.,0.,0.));
#5960=CARTESIAN_POINT('',(0.,0.,0.));
#5961=CARTESIAN_POINT('',(0.,0.,0.));
#5962=CARTESIAN_POINT('',(0.,0.,0.));
#5963=UNCERTAINTY_MEASURE_WITH_UNIT(LENGTH_MEASURE(0.01),#5981,
'DISTANCE_ACCURACY_VALUE',
'Maximum model space distance between geometric entities at asserted c
onnectivities');
#5964=UNCERTAINTY_MEASURE_WITH_UNIT(LENGTH_MEASURE(0.01),#5981,
'DISTANCE_ACCURACY_VALUE',
'Maximum model space distance between geometric entities at asserted c
onnectivities');
#5965=UNCERTAINTY_MEASURE_WITH_UNIT(LENGTH_MEASURE(0.01),#5981,
'DISTANCE_ACCURACY_VALUE',
'Maximum model space distance between geometric entities at asserted c
onnectivities');
#5966=UNCERTAINTY_MEASURE_WITH_UNIT(LENGTH_MEASURE(0.01),#5981,
'DISTANCE_ACCURACY_VALUE',
'Maximum model space distance between geometric entities at asserted c
onnectivities');
#5967=UNCERTAINTY_MEASURE_WITH_UNIT(LENGTH_MEASURE(0.01),#5981,
'DISTANCE_ACCURACY_VALUE',
'Maximum model space distance between geometric entities at asserted c
onnectivities');
#5968=UNCERTAINTY_MEASURE_WITH_UNIT(LENGTH_MEASURE(0.01),#5981,
'DISTANCE_ACCURACY_VALUE',
'Maximum model space distance between geometric entities at asserted c
onnectivities');
#5969=UNCERTAINTY_MEASURE_WITH_UNIT(LENGTH_MEASURE(0.01),#5981,
'DISTANCE_ACCURACY_VALUE',
'Maximum model space distance between geometric entities at asserted c
onnectivities');
#5970=UNCERTAINTY_MEASURE_WITH_UNIT(LENGTH_MEASURE(0.01),#5981,
'DISTANCE_ACCURACY_VALUE',
'Maximum model space distance between geometric entities at asserted c
onnectivities');
#5971=UNCERTAINTY_MEASURE_WITH_UNIT(LENGTH_MEASURE(0.01),#5981,
'DISTANCE_ACCURACY_VALUE',
'Maximum model space distance between geometric entities at asserted c
onnectivities');
#5972=(
GEOMETRIC_REPRESENTATION_CONTEXT(3)
GLOBAL_UNCERTAINTY_ASSIGNED_CONTEXT((#5963))
GLOBAL_UNIT_ASSIGNED_CONTEXT((#5981,#5983,#5984))
REPRESENTATION_CONTEXT('','3D')
);
#5973=(
GEOMETRIC_REPRESENTATION_CONTEXT(3)
GLOBAL_UNCERTAINTY_ASSIGNED_CONTEXT((#5964))
GLOBAL_UNIT_ASSIGNED_CONTEXT((#5981,#5983,#5984))
REPRESENTATION_CONTEXT('','3D')
);
#5974=(
GEOMETRIC_REPRESENTATION_CONTEXT(3)
GLOBAL_UNCERTAINTY_ASSIGNED_CONTEXT((#5965))
GLOBAL_UNIT_ASSIGNED_CONTEXT((#5981,#5983,#5984))
REPRESENTATION_CONTEXT('','3D')
);
#5975=(
GEOMETRIC_REPRESENTATION_CONTEXT(3)
GLOBAL_UNCERTAINTY_ASSIGNED_CONTEXT((#5966))
GLOBAL_UNIT_ASSIGNED_CONTEXT((#5981,#5983,#5984))
REPRESENTATION_CONTEXT('','3D')
);
#5976=(
GEOMETRIC_REPRESENTATION_CONTEXT(3)
GLOBAL_UNCERTAINTY_ASSIGNED_CONTEXT((#5967))
GLOBAL_UNIT_ASSIGNED_CONTEXT((#5981,#5983,#5984))
REPRESENTATION_CONTEXT('','3D')
);
#5977=(
GEOMETRIC_REPRESENTATION_CONTEXT(3)
GLOBAL_UNCERTAINTY_ASSIGNED_CONTEXT((#5968))
GLOBAL_UNIT_ASSIGNED_CONTEXT((#5981,#5983,#5984))
REPRESENTATION_CONTEXT('','3D')
);
#5978=(
GEOMETRIC_REPRESENTATION_CONTEXT(3)
GLOBAL_UNCERTAINTY_ASSIGNED_CONTEXT((#5969))
GLOBAL_UNIT_ASSIGNED_CONTEXT((#5981,#5983,#5984))
REPRESENTATION_CONTEXT('','3D')
);
#5979=(
GEOMETRIC_REPRESENTATION_CONTEXT(3)
GLOBAL_UNCERTAINTY_ASSIGNED_CONTEXT((#5970))
GLOBAL_UNIT_ASSIGNED_CONTEXT((#5981,#5983,#5984))
REPRESENTATION_CONTEXT('','3D')
);
#5980=(
GEOMETRIC_REPRESENTATION_CONTEXT(3)
GLOBAL_UNCERTAINTY_ASSIGNED_CONTEXT((#5971))
GLOBAL_UNIT_ASSIGNED_CONTEXT((#5981,#5983,#5984))
REPRESENTATION_CONTEXT('','3D')
);
#5981=(
LENGTH_UNIT()
NAMED_UNIT(*)
SI_UNIT(.MILLI.,.METRE.)
);
#5982=(
LENGTH_UNIT()
NAMED_UNIT(*)
SI_UNIT($,.METRE.)
);
#5983=(
NAMED_UNIT(*)
PLANE_ANGLE_UNIT()
SI_UNIT($,.RADIAN.)
);
#5984=(
NAMED_UNIT(*)
SI_UNIT($,.STERADIAN.)
SOLID_ANGLE_UNIT()
);
#5985=SHAPE_DEFINITION_REPRESENTATION(#5993,#6008);
#5986=SHAPE_DEFINITION_REPRESENTATION(#5994,#6009);
#5987=SHAPE_DEFINITION_REPRESENTATION(#5995,#6010);
#5988=SHAPE_DEFINITION_REPRESENTATION(#5996,#6011);
#5989=SHAPE_DEFINITION_REPRESENTATION(#5997,#6012);
#5990=SHAPE_DEFINITION_REPRESENTATION(#5998,#6013);
#5991=SHAPE_DEFINITION_REPRESENTATION(#5999,#6014);
#5992=SHAPE_DEFINITION_REPRESENTATION(#6000,#6015);
#5993=PRODUCT_DEFINITION_SHAPE('',$,#6017);
#5994=PRODUCT_DEFINITION_SHAPE('',$,#6018);
#5995=PRODUCT_DEFINITION_SHAPE('',$,#6019);
#5996=PRODUCT_DEFINITION_SHAPE('',$,#6020);
#5997=PRODUCT_DEFINITION_SHAPE('',$,#6021);
#5998=PRODUCT_DEFINITION_SHAPE('',$,#6022);
#5999=PRODUCT_DEFINITION_SHAPE('',$,#6023);
#6000=PRODUCT_DEFINITION_SHAPE('',$,#6024);
#6001=PRODUCT_DEFINITION_SHAPE($,$,#32);
#6002=PRODUCT_DEFINITION_SHAPE($,$,#33);
#6003=PRODUCT_DEFINITION_SHAPE($,$,#34);
#6004=PRODUCT_DEFINITION_SHAPE($,$,#35);
#6005=PRODUCT_DEFINITION_SHAPE($,$,#36);
#6006=PRODUCT_DEFINITION_SHAPE($,$,#37);
#6007=PRODUCT_DEFINITION_SHAPE($,$,#38);
#6008=SHAPE_REPRESENTATION('',(#3578,#3863,#3864,#3865,#3866,#3867,#3868,
#3869),#5972);
#6009=SHAPE_REPRESENTATION('',(#3579),#5973);
#6010=SHAPE_REPRESENTATION('',(#3616),#5974);
#6011=SHAPE_REPRESENTATION('',(#3632),#5975);
#6012=SHAPE_REPRESENTATION('',(#3658),#5976);
#6013=SHAPE_REPRESENTATION('',(#3730),#5977);
#6014=SHAPE_REPRESENTATION('',(#3764),#5978);
#6015=SHAPE_REPRESENTATION('',(#3810),#5979);
#6016=PRODUCT_DEFINITION_CONTEXT('part definition',#6042,'design');
#6017=PRODUCT_DEFINITION('2026-08-25-06-43-40-819','Tobillo CL',#6025,#6016);
#6018=PRODUCT_DEFINITION('2026-08-26-08-35-22-692',
'B3_horquilla_ranurada',#6026,#6016);
#6019=PRODUCT_DEFINITION('2026-08-31-08-44-33-816','B7_acople',#6027,#6016);
#6020=PRODUCT_DEFINITION('2026-09-04-15-15-53-822','A2_columna_tibial',
#6028,#6016);
#6021=PRODUCT_DEFINITION('2026-09-04-15-15-54-876','A3_soporte_tobillo',
#6029,#6016);
#6022=PRODUCT_DEFINITION('2026-09-04-15-15-56-714',
'A3_placa_sensor_as5600',#6030,#6016);
#6023=PRODUCT_DEFINITION('2026-09-07-12-18-16-580',
'A5_cubierta_estetica',#6031,#6016);
#6024=PRODUCT_DEFINITION('2026-09-07-12-19-50-584','A5_placa_L',#6032,#6016);
#6025=PRODUCT_DEFINITION_FORMATION('',$,#6044);
#6026=PRODUCT_DEFINITION_FORMATION('',$,#6045);
#6027=PRODUCT_DEFINITION_FORMATION('',$,#6046);
#6028=PRODUCT_DEFINITION_FORMATION('',$,#6047);
#6029=PRODUCT_DEFINITION_FORMATION('',$,#6048);
#6030=PRODUCT_DEFINITION_FORMATION('',$,#6049);
#6031=PRODUCT_DEFINITION_FORMATION('',$,#6050);
#6032=PRODUCT_DEFINITION_FORMATION('',$,#6051);
#6033=PRODUCT_RELATED_PRODUCT_CATEGORY('Tobillo CL','Tobillo CL',(#6044));
#6034=PRODUCT_RELATED_PRODUCT_CATEGORY('B3_horquilla_ranurada',
'B3_horquilla_ranurada',(#6045));
#6035=PRODUCT_RELATED_PRODUCT_CATEGORY('B7_acople','B7_acople',(#6046));
#6036=PRODUCT_RELATED_PRODUCT_CATEGORY('A2_columna_tibial',
'A2_columna_tibial',(#6047));
#6037=PRODUCT_RELATED_PRODUCT_CATEGORY('A3_soporte_tobillo',
'A3_soporte_tobillo',(#6048));
#6038=PRODUCT_RELATED_PRODUCT_CATEGORY('A3_placa_sensor_as5600',
'A3_placa_sensor_as5600',(#6049));
#6039=PRODUCT_RELATED_PRODUCT_CATEGORY('A5_cubierta_estetica',
'A5_cubierta_estetica',(#6050));
#6040=PRODUCT_RELATED_PRODUCT_CATEGORY('A5_placa_L','A5_placa_L',(#6051));
#6041=APPLICATION_PROTOCOL_DEFINITION('international standard',
'automotive_design',2009,#6042);
#6042=APPLICATION_CONTEXT(
'Core Data for Automotive Mechanical Design Process');
#6043=PRODUCT_CONTEXT('part definition',#6042,'mechanical');
#6044=PRODUCT('2026-08-25-06-43-40-819','Tobillo CL',$,(#6043));
#6045=PRODUCT('2026-08-26-08-35-22-692','B3_horquilla_ranurada',$,(#6043));
#6046=PRODUCT('2026-08-31-08-44-33-816','B7_acople',$,(#6043));
#6047=PRODUCT('2026-09-04-15-15-53-822','A2_columna_tibial',$,(#6043));
#6048=PRODUCT('2026-09-04-15-15-54-876','A3_soporte_tobillo',$,(#6043));
#6049=PRODUCT('2026-09-04-15-15-56-714','A3_placa_sensor_as5600',$,(#6043));
#6050=PRODUCT('2026-09-07-12-18-16-580','A5_cubierta_estetica',$,(#6043));
#6051=PRODUCT('2026-09-07-12-19-50-584','A5_placa_L',$,(#6043));
#6052=PRESENTATION_STYLE_ASSIGNMENT((#6054));
#6053=PRESENTATION_STYLE_ASSIGNMENT((#6055));
#6054=SURFACE_STYLE_USAGE(.BOTH.,#6056);
#6055=SURFACE_STYLE_USAGE(.BOTH.,#6057);
#6056=SURFACE_SIDE_STYLE('',(#6058));
#6057=SURFACE_SIDE_STYLE('',(#6059));
#6058=SURFACE_STYLE_FILL_AREA(#6060);
#6059=SURFACE_STYLE_FILL_AREA(#6061);
#6060=FILL_AREA_STYLE('Acero - Satinado',(#6062));
#6061=FILL_AREA_STYLE('PLA_Gris_Opaco',(#6063));
#6062=FILL_AREA_STYLE_COLOUR('Acero - Satinado',#6064);
#6063=FILL_AREA_STYLE_COLOUR('PLA_Gris_Opaco',#6065);
#6064=COLOUR_RGB('Acero - Satinado',0.627450980392157,0.627450980392157,
0.627450980392157);
#6065=COLOUR_RGB('PLA_Gris_Opaco',0.964705882352941,0.964705882352941,0.952941176470588);
ENDSEC;
END-ISO-10303-21;
